source_id,strategy_authority,strategy_fear,imp_public,imp_financial,strategy_info_extraction_sem,sensitive_info_request_sem,auth_info_request_sem,strategy_diversity_sem,action_diversity_sem,signal_family_count_sem,ix_identityclaim_authority_sem,ix_info_sensitive_sem,y_phishing,split
vp_36337_case_001,0,1,0,1,0,0,0,2,0,3,0,0,1,test
vp_36338_case_001,0,0,0,0,0,0,0,0,0,0,0,0,1,train
vp_36341_case_001,1,0,1,1,0,0,0,1,0,2,1,0,1,train
vp_36344_case_001,0,0,0,0,0,0,0,1,0,1,0,0,1,train
vp_36366_case_001,0,0,0,0,0,0,0,0,0,0,0,0,1,test
vp_36463_case_001,1,0,0,0,0,0,0,2,1,3,0,0,1,train
vp_36463_case_002,0,0,0,0,0,0,0,0,0,0,0,0,1,train
vp_36463_case_003,1,0,0,0,0,0,0,1,0,1,0,0,1,train
vp_36464_case_001,0,0,0,0,0,0,0,1,0,1,0,0,1,test
vp_36464_case_002,0,0,0,0,0,0,0,0,0,0,0,0,1,train
vp_36504_case_001,0,1,0,0,0,0,0,1,0,1,0,0,1,train
vp_36505_case_001,0,0,0,0,0,0,0,0,0,0,0,0,1,validation
vp_36505_case_002,0,0,0,0,0,0,0,0,0,0,0,0,1,train
vp_36506_case_001,0,0,0,0,0,0,0,0,0,0,0,0,1,train
vp_36506_case_002,0,0,0,0,0,0,0,0,0,0,0,0,1,train
vp_36506_case_003,0,0,0,0,0,0,0,0,0,0,0,0,1,test
vp_36506_case_004,0,0,0,0,0,0,0,0,0,0,0,0,1,train
vp_36506_case_005,0,0,0,0,0,0,0,0,0,0,0,0,1,train
vp_36507_case_001,0,0,0,0,0,0,0,0,0,0,0,0,1,validation
vp_36508_case_001,0,0,0,0,0,0,0,1,1,2,0,0,1,train
vp_36509_case_001,1,0,0,0,0,0,0,2,0,1,0,0,1,train
vp_36509_case_002,0,0,0,0,0,0,0,0,0,0,0,0,1,train
vp_36510_case_001,0,0,0,0,0,0,0,2,0,1,0,0,1,test
vp_36511_case_001,0,0,0,0,0,0,0,0,0,0,0,0,1,train
vp_36512_case_001,0,0,0,0,0,0,0,0,0,0,0,0,1,test
vp_36512_case_002,0,0,0,0,0,0,0,1,1,2,0,0,1,train
vp_36513_case_001,1,1,1,0,0,0,0,3,0,4,1,0,1,train
vp_36513_case_002,0,0,0,0,0,0,0,0,0,0,0,0,1,train
vp_36514_case_001,0,0,0,0,0,0,0,0,0,0,0,0,1,test
vp_36515_case_001,0,0,0,0,1,1,0,1,1,2,0,1,1,train
vp_36516_case_001,0,0,0,0,0,0,0,0,0,0,0,0,1,train
vp_36516_case_002,0,0,0,1,0,0,0,0,0,1,0,0,1,train
vp_36516_case_003,0,0,0,0,0,0,0,1,0,1,0,0,1,train
vp_36516_case_004,0,0,0,0,0,0,0,0,0,0,0,0,1,train
vp_36517_case_001,0,0,0,0,0,0,0,1,1,2,0,0,1,test
vp_36517_case_002,0,0,0,0,0,0,0,0,0,0,0,0,1,train
vp_36517_case_003,0,0,0,0,0,0,0,1,0,1,0,0,1,test
vp_36518_case_001,0,0,0,0,0,0,0,0,1,1,0,0,1,train
vp_36518_case_002,0,0,0,0,0,0,0,0,0,0,0,0,1,test
vp_36519_case_001,0,1,0,0,0,0,0,2,1,3,0,0,1,train
vp_36519_case_002,0,0,0,0,0,0,0,0,0,0,0,0,1,train
vp_36520_case_001,0,0,0,0,0,0,0,1,0,1,0,0,1,validation
vp_36520_case_002,0,0,0,0,0,0,0,0,0,0,0,0,1,test
vp_36520_case_003,0,0,0,0,0,0,0,0,0,0,0,0,1,train
vp_36520_case_004,0,0,0,0,0,0,0,0,0,0,0,0,1,train
vp_36520_case_005,0,0,0,0,0,0,0,0,0,0,0,0,1,train
vp_36520_case_006,0,0,0,0,0,0,0,0,0,0,0,0,1,test
vp_36520_case_007,0,0,0,0,0,0,0,0,0,0,0,0,1,train
vp_36521_case_001,0,0,0,0,0,0,0,1,0,1,0,0,1,train
vp_36522_case_001,0,0,0,1,0,0,0,1,0,2,0,0,1,train
vp_36523_case_001,0,0,0,0,0,0,0,0,0,0,0,0,1,train
vp_36524_case_001,0,0,0,0,0,0,0,0,0,0,0,0,1,train
vp_36525_case_001,0,0,0,0,0,0,0,0,0,0,0,0,1,test
vp_36526_case_001,0,0,0,1,0,0,0,0,0,1,0,0,1,test
vp_36527_case_001,0,0,0,0,0,0,0,0,0,0,0,0,1,train
vp_36528_case_001,0,0,0,0,0,0,0,0,0,0,0,0,1,train
vp_36529_case_001,0,0,0,0,0,0,0,0,0,0,0,0,1,train
vp_36530_case_001,0,0,0,1,0,0,0,0,0,1,0,0,1,test
vp_36531_case_001,1,0,0,0,0,0,0,1,0,1,0,0,1,train
vp_36532_case_001,1,0,0,0,0,0,0,2,0,2,0,0,1,train
vp_36536_case_001,0,1,0,0,0,0,0,1,0,1,0,0,1,train
vp_36537_case_001,0,0,0,0,0,0,0,1,0,0,0,0,1,test
vp_36538_case_001,0,0,0,0,0,0,0,1,0,0,0,0,1,train
vp_36539_case_001,0,0,0,0,0,0,0,0,0,0,0,0,1,train
vp_36540_case_001,0,0,0,0,0,0,0,0,0,0,0,0,1,train
vp_36541_case_001,0,0,0,0,0,0,0,0,0,0,0,0,1,train
vp_36542_case_001,0,0,0,0,0,0,0,0,0,0,0,0,1,train
vp_36543_case_001,0,0,0,0,0,0,0,1,0,0,0,0,1,train
vp_36544_case_001,1,0,0,0,0,0,0,1,0,1,0,0,1,validation
vp_36545_case_001,0,0,0,0,0,0,0,0,0,0,0,0,1,test
vp_36546_case_001,0,0,0,0,0,0,0,0,0,0,0,0,1,train
vp_36547_case_001,1,0,0,0,0,0,0,1,0,1,0,0,1,train
vp_36548_case_001,0,0,0,0,0,0,0,0,0,0,0,0,1,train
vp_36554_case_001,0,0,0,0,0,0,0,0,0,0,0,0,1,test
vp_36567_case_001,0,0,0,0,0,0,0,0,1,1,0,0,1,test
vp_36577_case_001,0,0,0,0,0,0,0,0,0,0,0,0,1,test
vp_36578_case_001,0,0,0,0,0,0,0,1,1,2,0,0,1,train
vp_36578_case_002,0,1,0,0,0,0,0,2,0,2,0,0,1,train
vp_36579_case_001,0,0,0,0,0,0,0,1,0,1,0,0,1,train
vp_36580_case_001,0,0,0,0,0,0,0,0,0,0,0,0,1,train
vp_36582_case_001,0,0,0,0,0,0,0,1,0,1,0,0,1,train
vp_36583_case_001,0,0,0,0,0,0,0,1,1,2,0,0,1,train
vp_36583_case_002,0,0,0,0,0,0,0,1,0,1,0,0,1,train
vp_36584_case_001,0,0,0,0,0,0,0,0,0,0,0,0,1,train
vp_36584_case_002,1,1,0,0,1,0,0,4,1,5,0,0,1,train
vp_36584_case_003,0,0,0,0,0,0,0,0,0,0,0,0,1,validation
vp_36584_case_004,0,0,0,0,0,0,0,0,0,0,0,0,1,train
vp_36585_case_001,0,0,0,0,0,0,0,1,0,0,0,0,1,train
vp_36586_case_001,0,0,0,0,0,0,0,0,0,0,0,0,1,train
vp_36587_case_001,0,0,0,0,0,0,0,0,0,0,0,0,1,validation
vp_36587_case_002,0,0,0,0,0,0,0,0,0,0,0,0,1,test
vp_36587_case_003,0,0,0,0,0,0,0,0,0,0,0,0,1,train
vp_36588_case_001,0,0,0,0,0,0,0,0,0,0,0,0,1,train
vp_36589_case_001,0,0,0,0,0,0,0,1,0,1,0,0,1,validation
vp_36590_case_001,0,0,0,0,0,0,0,0,0,0,0,0,1,train
vp_36591_case_001,0,0,0,0,0,0,0,0,0,0,0,0,1,test
vp_36592_case_001,0,0,0,1,0,0,0,1,0,2,0,0,1,train
vp_36593_case_001,0,0,0,0,0,0,0,0,1,1,0,0,1,train
vp_36593_case_002,0,0,0,0,1,0,0,1,0,1,0,0,1,validation
vp_36594_case_001,0,0,0,0,0,0,0,0,0,0,0,0,1,test
vp_36594_case_002,0,0,0,0,0,0,0,0,0,0,0,0,1,train
vp_36594_case_003,0,0,0,0,0,0,0,0,0,0,0,0,1,train
vp_36595_case_001,0,0,0,0,1,1,0,1,1,2,0,1,1,validation
vp_36595_case_002,1,0,1,1,1,1,0,2,1,4,1,1,1,train
vp_36595_case_003,1,0,0,1,0,0,0,2,0,3,1,0,1,train
vp_36596_case_001,0,0,0,0,0,0,0,0,0,0,0,0,1,validation
vp_36597_case_001,0,0,0,0,0,0,0,0,0,0,0,0,1,train
vp_36597_case_002,0,0,0,0,0,0,0,0,0,0,0,0,1,train
vp_36599_case_001,1,0,0,1,0,0,0,2,0,2,1,0,1,validation
vp_36600_case_001,0,0,0,0,0,0,0,1,0,1,0,0,1,train
vp_36602_case_001,0,0,0,0,0,0,0,0,0,0,0,0,1,train
vp_36602_case_002,0,0,0,0,1,1,0,1,1,2,0,1,1,train
vp_36602_case_003,0,0,0,0,0,0,0,0,0,0,0,0,1,train
vp_36602_case_004,0,0,0,0,0,0,0,0,0,0,0,0,1,train
vp_36603_case_001,0,0,0,0,0,0,0,0,1,1,0,0,1,test
vp_36604_case_001,0,0,0,0,0,0,0,0,0,0,0,0,1,train
vp_36604_case_002,0,0,0,0,0,0,0,0,0,0,0,0,1,test
vp_36604_case_003,0,0,0,0,0,0,0,0,0,0,0,0,1,test
vp_36604_case_004,0,0,0,0,0,0,0,0,0,0,0,0,1,train
vp_36605_case_001,1,1,0,0,1,0,0,3,0,3,0,0,1,validation
vp_36606_case_001,0,0,0,0,0,0,0,3,0,3,0,0,1,train
vp_36607_case_001,0,1,0,0,0,0,0,1,0,1,0,0,1,train
vp_36607_case_002,0,1,0,0,0,0,0,2,1,3,0,0,1,train
vp_36607_case_003,0,0,0,1,0,0,0,1,0,2,0,0,1,train
vp_36607_case_004,0,0,0,0,0,0,0,0,0,0,0,0,1,test
vp_36607_case_005,0,0,0,0,0,0,0,1,1,2,0,0,1,validation
vp_36607_case_006,0,0,0,0,0,0,0,1,0,0,0,0,1,test
vp_36607_case_007,0,0,0,0,0,0,0,0,1,1,0,0,1,train
vp_36608_case_001,0,1,0,0,0,0,0,2,1,3,0,0,1,train
vp_36609_case_001,0,0,0,0,1,1,0,1,1,2,0,1,1,train
vp_36609_case_002,0,0,0,0,0,0,0,0,0,0,0,0,1,train
vp_36610_case_001,0,0,0,0,0,0,0,0,0,0,0,0,1,validation
vp_36610_case_002,1,0,0,0,0,0,0,1,0,1,0,0,1,validation
vp_36610_case_003,0,0,0,0,0,0,0,0,0,0,0,0,1,train
vp_36610_case_004,0,1,0,0,0,0,0,1,0,1,0,0,1,train
vp_36611_case_001,1,0,0,0,0,0,0,1,0,1,0,0,1,train
vp_36613_case_001,0,0,0,0,0,0,0,2,1,3,0,0,1,train
vp_36613_case_002,0,1,0,0,0,0,0,2,0,1,0,0,1,train
vp_36621_case_001,0,0,0,0,0,0,0,2,1,3,0,0,1,train
vp_36622_case_001,0,0,0,0,0,0,0,0,0,0,0,0,1,train
vp_36623_case_001,0,0,0,0,0,0,0,0,0,0,0,0,1,train
vp_36624_case_001,0,0,0,0,1,0,0,2,0,2,0,0,1,train
vp_36625_case_001,0,0,0,0,0,0,0,1,1,2,0,0,1,train
vp_36626_case_001,0,0,0,0,0,0,0,1,0,0,0,0,1,validation
vp_36627_case_001,0,0,0,0,0,0,0,0,0,0,0,0,1,train
vp_36628_case_001,0,0,0,1,0,0,0,0,0,1,0,0,1,train
vp_36628_case_002,0,0,0,0,0,0,0,0,0,0,0,0,1,train
vp_36629_case_001,0,0,0,0,0,0,0,0,0,0,0,0,1,train
vp_36630_case_001,0,0,0,1,0,0,0,0,0,1,0,0,1,train
vp_36631_case_001,0,0,0,0,0,0,0,0,0,0,0,0,1,test
vp_36632_case_001,0,0,0,0,0,0,0,0,0,0,0,0,1,validation
vp_36633_case_001,1,0,0,0,0,0,0,2,0,1,0,0,1,train
vp_36635_case_001,0,0,0,1,0,0,0,2,1,3,0,0,1,train
vp_36636_case_001,0,0,0,0,0,0,0,0,0,0,0,0,1,test
vp_36636_case_002,0,0,0,0,0,0,0,0,0,0,0,0,1,train
vp_36637_case_001,1,0,0,1,0,0,0,1,0,2,1,0,1,train
vp_36638_case_001,0,0,0,1,0,0,0,0,0,1,0,0,1,train
vp_36638_case_002,0,1,0,0,1,1,1,4,3,7,0,1,1,train
vp_36639_case_001,0,0,0,0,0,0,0,0,0,0,0,0,1,train
vp_36639_case_002,0,0,0,0,0,0,0,0,0,0,0,0,1,test
vp_36640_case_001,0,0,0,0,1,0,0,1,0,1,0,0,1,train
vp_36640_case_002,0,0,0,0,0,0,0,1,0,0,0,0,1,train
vp_36640_case_003,0,0,0,0,0,0,0,1,0,1,0,0,1,test
vp_36641_case_001,0,0,0,0,0,0,0,1,0,1,0,0,1,train
vp_36644_case_001,0,0,0,0,0,0,0,0,0,0,0,0,1,test
vp_36645_case_001,0,0,0,1,0,0,0,1,0,1,0,0,1,train
vp_36646_case_001,0,0,0,0,0,0,0,0,0,0,0,0,1,validation
vp_36646_case_002,0,0,0,0,0,0,0,0,0,0,0,0,1,validation
vp_36647_case_001,0,0,0,0,0,0,0,0,0,0,0,0,1,train
vp_36648_case_001,0,0,0,1,1,0,0,2,0,3,0,0,1,test
vp_36649_case_001,1,1,1,0,0,0,0,5,0,5,1,0,1,train
vp_36650_case_001,0,0,0,0,0,0,0,0,0,0,0,0,1,train
vp_36650_case_002,0,0,0,0,0,0,0,0,0,0,0,0,1,test
vp_36651_case_001,0,0,0,0,0,0,0,0,0,0,0,0,1,validation
vp_36651_case_002,0,1,0,1,0,0,0,1,0,2,0,0,1,train
vp_36651_case_003,0,0,0,0,0,0,0,0,0,0,0,0,1,train
vp_36652_case_001,0,0,0,0,0,0,0,0,0,0,0,0,1,validation
vp_36652_case_002,0,0,0,0,0,0,0,0,0,0,0,0,1,train
vp_36652_case_003,0,0,0,0,0,0,0,1,0,1,0,0,1,train
vp_36653_case_001,0,0,0,0,0,0,0,1,0,1,0,0,1,test
vp_36653_case_002,0,0,0,0,0,0,0,0,0,0,0,0,1,train
vp_36654_case_001,1,0,0,0,0,0,0,1,0,1,0,0,1,test
vp_36654_case_002,0,0,0,0,0,0,0,0,0,0,0,0,1,train
vp_36655_case_001,0,0,0,1,0,0,0,0,0,1,0,0,1,train
vp_36656_case_001,0,0,0,0,0,0,0,0,0,0,0,0,1,train
vp_36657_case_001,0,0,0,0,0,0,0,0,0,0,0,0,1,validation
vp_36658_case_001,0,0,0,0,0,0,0,1,0,1,0,0,1,train
vp_36658_case_002,0,0,0,0,0,0,0,0,0,0,0,0,1,train
vp_36658_case_003,0,0,0,0,0,0,0,1,0,1,0,0,1,validation
vp_36658_case_004,0,0,0,0,0,0,0,0,0,0,0,0,1,test
vp_36658_case_005,0,0,0,0,0,0,0,0,0,0,0,0,1,test
vp_36659_case_001,0,0,0,0,0,0,0,0,0,0,0,0,1,test
vp_36659_case_002,0,0,0,0,0,0,0,1,0,1,0,0,1,train
vp_36659_case_003,0,0,0,1,0,0,0,3,0,4,0,0,1,validation
vp_36659_case_004,0,0,0,1,0,0,0,1,0,2,0,0,1,train
vp_36659_case_005,0,0,0,0,1,0,1,1,1,2,0,0,1,test
vp_36660_case_001,0,0,0,0,0,0,0,1,0,1,0,0,1,train
vp_36660_case_002,0,0,0,0,0,0,0,0,0,0,0,0,1,train
vp_36661_case_001,0,0,0,0,0,0,0,0,0,0,0,0,1,train
vp_36662_case_001,0,0,0,0,0,0,0,0,0,0,0,0,1,train
vp_36663_case_001,0,0,0,0,0,0,0,0,0,0,0,0,1,train
vp_36664_case_001,0,0,0,1,0,0,0,0,0,1,0,0,1,train
vp_36665_case_001,0,0,0,0,0,0,0,0,0,0,0,0,1,train
vp_36669_case_001,0,0,0,0,0,0,0,0,0,0,0,0,1,validation
vp_36670_case_001,0,0,0,0,0,0,0,0,0,0,0,0,1,train
vp_36671_case_001,0,0,0,0,0,0,0,0,0,0,0,0,1,train
vp_36673_case_001,0,0,0,0,0,0,0,0,0,0,0,0,1,train
vp_36674_case_001,0,0,0,0,0,0,0,1,0,1,0,0,1,train
vp_36675_case_001,0,0,0,1,0,0,0,1,0,1,0,0,1,train
vp_36676_case_001,0,0,0,0,1,1,0,1,1,2,0,1,1,train
vp_36676_case_002,0,0,0,0,0,0,0,0,0,0,0,0,1,train
vp_36677_case_001,0,0,0,0,0,0,0,0,0,0,0,0,1,train
vp_36678_case_001,0,0,0,0,0,0,0,0,0,0,0,0,1,train
vp_36679_case_001,0,1,0,0,0,0,0,1,0,1,0,0,1,train
vp_36680_case_001,0,0,0,0,0,0,0,0,0,0,0,0,1,test
vp_36681_case_001,0,1,0,0,0,0,0,4,1,5,0,0,1,train
vp_36682_case_001,0,0,0,0,0,0,0,0,0,0,0,0,1,validation
vp_36683_case_001,0,0,0,0,0,0,0,0,0,0,0,0,1,validation
vp_36684_case_001,1,1,0,1,0,0,0,2,0,3,1,0,1,train
vp_36684_case_002,1,0,0,0,0,0,0,1,0,1,0,0,1,test
vp_36685_case_001,0,0,0,0,0,0,0,3,0,2,0,0,1,train
vp_36686_case_001,0,0,0,0,0,0,0,1,1,2,0,0,1,train
vp_36687_case_001,0,0,0,0,0,0,0,0,0,0,0,0,1,test
vp_36687_case_002,0,0,0,0,0,0,0,0,0,0,0,0,1,train
vp_36688_case_001,1,1,1,1,0,0,0,5,1,6,1,0,1,train
vp_36688_case_002,1,0,0,0,0,0,0,1,0,1,0,0,1,train
vp_36689_case_001,1,1,0,0,0,0,0,2,0,2,0,0,1,train
vp_36690_case_001,0,0,0,0,1,1,0,2,1,3,0,1,1,train
vp_36691_case_001,0,0,0,0,0,0,0,0,0,0,0,0,1,train
vp_36692_case_001,0,0,0,0,0,0,0,0,0,0,0,0,1,test
vp_36694_case_001,0,0,0,1,0,0,0,2,0,3,0,0,1,train
vp_36695_case_001,0,0,0,1,0,0,0,2,1,3,0,0,1,train
vp_36695_case_002,0,0,0,0,0,0,0,3,1,4,0,0,1,test
vp_36696_case_001,0,0,0,0,0,0,0,1,1,2,0,0,1,train
vp_36697_case_001,0,0,0,0,0,0,0,2,0,2,0,0,1,validation
vp_36698_case_001,0,0,0,1,0,0,0,1,0,2,0,0,1,train
vp_36699_case_001,0,1,0,0,0,0,0,1,0,1,0,0,1,validation
vp_36700_case_001,0,0,0,1,0,0,0,1,0,2,0,0,1,train
vp_36701_case_001,0,0,0,1,0,0,0,1,1,3,0,0,1,train
vp_36702_case_001,0,0,0,1,0,0,0,0,0,1,0,0,1,train
vp_36704_case_001,0,1,0,0,0,0,0,1,0,1,0,0,1,train
vp_36705_case_001,0,0,0,0,0,0,0,0,0,0,0,0,1,train
vp_36707_case_001,0,0,0,1,0,0,0,0,0,1,0,0,1,train
vp_36708_case_001,0,0,0,1,0,0,0,3,1,4,0,0,1,train
vp_36709_case_001,1,0,0,0,0,0,0,2,0,1,0,0,1,train
vp_36709_case_002,0,0,0,1,0,0,0,2,0,2,0,0,1,train
vp_36709_case_003,1,0,0,0,0,0,0,1,0,1,0,0,1,validation
vp_36710_case_001,0,0,0,1,0,0,0,2,1,4,0,0,1,train
vp_36711_case_001,0,0,0,0,0,0,0,1,1,2,0,0,1,train
vp_36712_case_001,1,1,0,0,0,0,0,3,0,3,0,0,1,train
vp_36713_case_001,0,0,0,0,0,0,0,0,0,0,0,0,1,train
vp_36715_case_001,0,0,0,0,0,0,0,0,0,0,0,0,1,test
vp_36716_case_001,0,0,0,0,0,0,0,1,0,1,0,0,1,test
vp_36716_case_002,0,0,0,0,0,0,0,0,0,0,0,0,1,validation
vp_36717_case_001,0,0,0,0,0,0,0,0,0,0,0,0,1,train
vp_36717_case_002,0,0,0,0,0,0,0,0,0,0,0,0,1,train
vp_36719_case_001,1,1,0,0,0,0,0,3,1,4,0,0,1,train
vp_36719_case_002,1,0,0,0,0,0,0,1,0,1,0,0,1,test
vp_36727_case_001,0,0,0,1,0,0,0,0,0,1,0,0,1,train
vp_36728_case_001,0,0,0,0,0,0,0,1,1,2,0,0,1,train
vp_36730_case_001,0,0,0,1,1,1,0,1,1,3,0,1,1,train
vp_36731_case_001,0,0,0,0,0,0,0,1,1,2,0,0,1,train
vp_36731_case_002,0,0,0,0,0,0,0,0,0,0,0,0,1,train
vp_36731_case_003,0,0,0,0,0,0,0,0,0,0,0,0,1,validation
vp_36731_case_004,0,0,0,0,0,0,0,0,0,0,0,0,1,validation
vp_36732_case_001,0,0,0,0,0,0,0,1,0,0,0,0,1,train
vp_36733_case_001,0,0,0,0,0,0,0,0,0,0,0,0,1,train
vp_36734_case_001,0,0,0,0,0,0,0,0,0,0,0,0,1,validation
vp_36734_case_002,0,0,0,0,0,0,0,0,0,0,0,0,1,test
vp_36735_case_001,0,0,0,1,0,0,0,0,0,1,0,0,1,train
vp_36735_case_002,0,0,0,0,1,1,0,2,1,2,0,1,1,train
vp_36735_case_003,0,0,0,0,0,0,0,0,0,0,0,0,1,test
vp_36735_case_004,0,0,0,0,0,0,0,0,0,0,0,0,1,validation
vp_36735_case_005,1,0,0,0,0,0,0,1,0,1,0,0,1,train
vp_36737_case_001,0,0,0,0,0,0,0,0,0,0,0,0,1,train
vp_36738_case_001,0,0,0,0,0,0,0,1,0,0,0,0,1,train
vp_36738_case_002,0,0,0,0,0,0,0,0,0,0,0,0,1,test
vp_36741_case_001,0,0,0,0,0,0,0,0,0,0,0,0,1,train
vp_36742_case_001,0,0,0,0,0,0,0,0,0,0,0,0,1,validation
vp_36743_case_001,0,0,0,0,0,0,0,0,0,0,0,0,1,train
vp_36744_case_001,0,0,0,0,0,0,0,0,0,0,0,0,1,train
vp_36334_case_001,0,0,0,0,0,0,0,0,0,0,0,0,1,train
vp_36334_case_002,1,1,0,0,0,0,0,3,0,3,0,0,1,train
vp_36334_case_003,1,0,0,0,0,0,0,1,0,1,0,0,1,train
vp_36334_case_004,1,1,0,0,0,0,0,3,0,3,0,0,1,validation
vp_36335_case_001,0,1,0,0,0,0,0,1,0,1,0,0,1,train
vp_36336_case_001,1,1,1,0,0,0,0,2,0,3,1,0,1,train
vp_36339_case_001,0,1,0,0,0,0,0,1,0,1,0,0,1,train
vp_36339_case_002,0,0,0,0,0,0,0,0,0,0,0,0,1,validation
vp_36339_case_003,0,0,0,0,0,0,0,0,0,0,0,0,1,train
vp_36339_case_004,0,0,0,0,0,0,0,0,0,0,0,0,1,train
vp_36339_case_005,0,0,0,0,0,0,0,0,0,0,0,0,1,train
vp_36340_case_001,0,1,0,0,0,0,0,1,0,1,0,0,1,train
vp_36342_case_001,1,1,0,0,0,0,0,2,0,2,0,0,1,train
vp_36342_case_002,0,1,0,0,0,0,0,1,0,1,0,0,1,train
vp_36342_case_003,0,0,0,0,0,0,0,0,0,0,0,0,1,train
vp_36342_case_004,0,1,0,0,0,0,0,1,0,1,0,0,1,train
vp_36342_case_005,1,0,1,0,0,0,0,1,0,2,1,0,1,train
vp_36343_case_001,1,0,0,1,0,0,0,1,0,2,1,0,1,train
vp_36345_case_001,1,1,1,0,0,0,0,2,0,3,1,0,1,train
vp_36346_case_001,1,1,0,0,0,0,0,2,0,2,0,0,1,test
vp_36347_case_001,1,1,1,0,0,0,0,2,0,3,1,0,1,test
vp_36347_case_002,1,0,0,0,0,0,0,1,0,1,0,0,1,train
vp_36348_case_001,1,1,1,0,0,0,0,2,0,3,1,0,1,train
vp_36349_case_001,1,1,1,0,0,0,0,2,0,3,1,0,1,test
vp_36349_case_002,1,1,0,1,0,0,0,2,0,3,1,0,1,train
vp_36350_case_001,1,1,1,0,0,0,0,2,0,3,1,0,1,train
vp_36350_case_002,0,0,0,0,0,0,0,0,0,0,0,0,1,train
vp_36350_case_003,1,1,0,0,0,0,0,2,0,2,0,0,1,train
vp_36351_case_001,1,0,0,1,0,0,0,1,0,2,1,0,1,train
vp_36351_case_002,1,1,1,0,0,0,0,2,0,3,1,0,1,train
vp_36352_case_001,1,1,1,0,0,0,0,3,0,4,1,0,1,train
vp_36352_case_002,0,0,0,0,0,0,0,0,0,0,0,0,1,train
vp_36352_case_003,0,0,0,0,0,0,0,0,0,0,0,0,1,test
vp_36353_case_001,0,0,0,0,0,0,0,0,0,0,0,0,1,train
vp_36353_case_002,1,1,1,0,0,0,0,3,0,4,1,0,1,train
vp_36354_case_001,1,1,0,0,0,0,0,2,0,2,0,0,1,train
vp_36355_case_001,1,1,1,1,0,0,0,2,0,3,1,0,1,train
vp_36356_case_001,1,1,0,0,0,0,0,2,0,2,0,0,1,train
vp_36357_case_001,1,1,1,0,0,0,0,2,0,3,1,0,1,train
vp_36358_case_001,1,1,1,0,0,0,0,2,0,3,1,0,1,train
vp_36359_case_001,1,1,1,0,0,0,0,2,0,3,1,0,1,train
vp_36360_case_001,0,0,0,0,0,0,0,0,0,0,0,0,1,train
vp_36361_case_001,0,1,0,0,0,0,0,1,0,1,0,0,1,train
vp_36362_case_001,1,0,0,0,0,0,0,1,0,1,0,0,1,test
vp_36362_case_002,0,1,0,0,0,0,0,1,0,1,0,0,1,train
vp_36362_case_003,0,0,0,0,0,0,0,0,0,0,0,0,1,validation
vp_36362_case_004,1,1,0,1,0,0,0,2,0,3,1,0,1,train
vp_36362_case_005,1,1,1,0,0,0,0,2,0,3,1,0,1,train
vp_36363_case_001,1,1,1,1,0,0,0,2,0,3,1,0,1,train
vp_36364_case_001,1,1,1,0,0,0,0,3,0,4,1,0,1,train
vp_36365_case_001,0,1,0,0,0,0,0,1,0,1,0,0,1,train
vp_36365_case_002,0,1,0,0,0,0,0,1,0,1,0,0,1,train
vp_36367_case_001,0,0,0,0,0,0,0,0,0,0,0,0,1,train
vp_36367_case_002,0,0,0,0,0,0,0,0,0,0,0,0,1,train
vp_36367_case_003,0,0,0,0,0,0,0,0,0,0,0,0,1,validation
vp_36367_case_004,1,1,1,1,0,0,1,3,1,5,1,0,1,train
vp_36367_case_005,0,0,0,0,0,0,0,0,0,0,0,0,1,train
vp_36367_case_006,0,0,0,0,0,0,0,0,0,0,0,0,1,test
vp_36367_case_007,1,0,0,0,0,0,0,1,0,1,0,0,1,train
vp_36367_case_008,0,0,0,0,0,0,0,0,0,0,0,0,1,validation
vp_36367_case_009,0,0,0,1,0,0,0,0,0,1,0,0,1,validation
vp_36368_case_001,1,1,1,0,0,0,0,2,0,3,1,0,1,train
vp_36368_case_002,0,1,0,0,0,0,0,1,0,1,0,0,1,train
vp_36369_case_001,1,1,1,0,0,0,0,2,0,3,1,0,1,train
vp_36369_case_002,1,1,1,0,0,0,0,2,0,3,1,0,1,validation
vp_36369_case_003,0,0,0,0,0,0,0,0,0,0,0,0,1,train
vp_36369_case_004,0,0,0,0,0,0,0,0,0,0,0,0,1,validation
vp_36369_case_005,0,1,0,0,0,0,0,1,0,1,0,0,1,train
vp_36369_case_006,1,1,0,0,0,0,0,2,0,2,0,0,1,test
vp_36369_case_007,0,0,0,0,0,0,0,0,0,0,0,0,1,train
vp_36369_case_008,0,0,0,0,0,0,0,0,0,0,0,0,1,train
vp_36370_case_001,1,0,0,0,0,0,0,1,0,1,0,0,1,train
vp_36370_case_002,0,1,0,0,0,0,0,1,0,1,0,0,1,train
vp_36370_case_003,1,1,1,0,0,0,0,2,0,3,1,0,1,train
vp_36371_case_001,1,1,0,1,0,0,0,2,0,3,1,0,1,train
vp_36371_case_002,1,1,0,0,0,0,0,3,0,3,0,0,1,validation
vp_36371_case_003,1,1,0,0,0,0,0,2,0,2,0,0,1,train
vp_36371_case_004,0,0,0,0,0,0,0,0,0,0,0,0,1,train
vp_36371_case_005,0,0,0,0,0,0,0,0,0,0,0,0,1,train
vp_36371_case_006,0,0,0,0,0,0,0,0,0,0,0,0,1,validation
vp_36371_case_007,0,0,0,0,0,0,0,0,0,0,0,0,1,train
vp_36371_case_008,0,0,0,0,0,0,0,0,0,0,0,0,1,train
vp_36371_case_009,1,1,0,1,0,0,0,3,0,4,1,0,1,train
vp_36372_case_001,1,1,1,1,0,0,0,2,0,3,1,0,1,validation
vp_36372_case_002,1,1,1,0,0,0,0,3,0,4,1,0,1,train
vp_36372_case_003,1,1,0,0,0,0,0,2,0,2,0,0,1,test
vp_36372_case_004,0,0,0,0,0,0,0,0,0,0,0,0,1,train
vp_36372_case_005,0,0,0,0,0,0,0,0,0,0,0,0,1,test
vp_36372_case_006,1,0,0,0,0,0,0,1,0,1,0,0,1,test
vp_36372_case_007,0,0,0,0,0,0,0,0,0,0,0,0,1,train
vp_36372_case_008,1,0,0,0,0,0,0,1,0,1,0,0,1,train
vp_36372_case_009,1,0,0,0,0,0,0,1,0,1,0,0,1,train
vp_36373_case_001,1,1,1,0,0,0,0,2,0,3,1,0,1,train
vp_36373_case_002,1,1,0,0,0,0,0,2,0,2,0,0,1,train
vp_36374_case_001,0,0,0,0,0,0,0,0,0,0,0,0,1,validation
vp_36374_case_002,1,0,0,0,0,0,0,1,0,1,0,0,1,train
vp_36375_case_001,0,0,0,0,0,0,0,0,0,0,0,0,1,train
vp_36375_case_002,1,0,0,0,1,0,0,2,0,2,0,0,1,train
vp_36376_case_001,0,1,0,0,0,0,0,1,0,1,0,0,1,validation
vp_36377_case_001,1,1,1,0,0,0,0,3,0,4,1,0,1,train
vp_36377_case_002,0,1,0,0,0,0,0,1,0,1,0,0,1,train
vp_36377_case_003,1,1,1,0,0,0,0,2,0,3,1,0,1,train
vp_36377_case_004,1,0,0,0,0,0,0,2,0,2,0,0,1,test
vp_36377_case_005,1,1,0,0,0,0,0,2,0,2,0,0,1,train
vp_36377_case_006,0,1,0,0,0,0,0,1,0,1,0,0,1,train
vp_36377_case_007,1,1,0,0,0,0,0,2,0,2,0,0,1,validation
vp_36377_case_008,0,0,0,0,0,0,0,0,0,0,0,0,1,train
vp_36377_case_009,0,0,0,0,0,0,0,0,0,0,0,0,1,train
vp_36377_case_010,0,0,0,0,0,0,0,0,0,0,0,0,1,train
vp_36377_case_011,0,0,0,0,0,0,0,0,0,0,0,0,1,train
vp_36377_case_012,0,0,0,0,0,0,0,0,0,0,0,0,1,train
vp_36377_case_013,0,0,0,0,0,0,0,0,0,0,0,0,1,test
vp_36377_case_014,0,0,0,0,0,0,0,0,0,0,0,0,1,test
vp_36377_case_015,0,0,0,0,0,0,0,0,0,0,0,0,1,train
vp_36377_case_016,1,0,0,0,0,0,0,1,0,1,0,0,1,test
vp_36377_case_017,0,1,0,0,0,0,0,1,0,1,0,0,1,test
vp_36377_case_018,0,0,0,0,0,0,0,0,0,0,0,0,1,test
vp_36378_case_001,1,1,1,0,0,0,0,2,0,3,1,0,1,train
vp_36379_case_001,1,1,1,0,0,0,0,3,0,4,1,0,1,train
vp_36379_case_002,1,1,1,0,0,0,0,2,0,3,1,0,1,train
vp_36379_case_003,0,0,0,0,0,0,0,0,0,0,0,0,1,train
vp_36380_case_001,1,1,1,1,0,0,0,2,0,3,1,0,1,train
vp_36381_case_001,1,1,1,1,0,0,0,2,0,3,1,0,1,train
vp_36381_case_002,0,0,0,0,0,0,0,0,0,0,0,0,1,train
vp_36381_case_003,0,1,0,0,0,0,0,1,0,1,0,0,1,train
vp_36382_case_001,1,1,0,0,0,0,0,2,0,2,0,0,1,train
vp_36383_case_001,1,1,1,0,0,0,0,2,0,3,1,0,1,train
vp_36384_case_001,1,1,1,0,0,0,0,2,0,3,1,0,1,test
vp_36385_case_001,1,1,1,1,0,0,0,3,0,4,1,0,1,train
vp_36385_case_002,0,0,0,0,0,0,0,0,0,0,0,0,1,train
vp_36385_case_003,1,1,1,1,0,0,0,3,0,4,1,0,1,train
vp_36385_case_004,1,0,0,0,0,0,0,1,0,1,0,0,1,validation
vp_36385_case_005,1,1,0,1,0,0,0,2,0,3,1,0,1,train
vp_36385_case_006,0,0,0,0,0,0,0,0,0,0,0,0,1,validation
vp_36386_case_001,1,1,1,0,0,0,0,2,0,3,1,0,1,train
vp_36387_case_001,1,1,1,0,0,0,0,2,0,3,1,0,1,test
vp_36388_case_001,1,1,1,0,0,0,0,2,0,3,1,0,1,validation
vp_36389_case_001,0,0,0,0,0,0,0,0,0,0,0,0,1,train
vp_36389_case_002,0,0,0,0,0,0,0,0,0,0,0,0,1,test
vp_36389_case_003,0,0,0,0,0,0,0,0,0,0,0,0,1,train
vp_36389_case_004,0,0,0,0,0,0,0,0,0,0,0,0,1,test
vp_36389_case_005,0,0,0,0,0,0,0,0,0,0,0,0,1,train
vp_36390_case_001,0,0,0,0,0,0,0,0,0,0,0,0,1,train
vp_36390_case_002,1,1,1,0,0,0,0,2,0,3,1,0,1,train
vp_36390_case_003,1,1,0,0,0,0,0,2,0,2,0,0,1,train
vp_36390_case_004,0,0,0,0,0,0,0,0,0,0,0,0,1,validation
vp_36390_case_005,1,1,0,0,0,0,0,3,0,3,0,0,1,train
vp_36390_case_006,0,0,0,0,0,0,0,0,0,0,0,0,1,train
vp_36390_case_007,0,0,0,0,0,0,0,0,0,0,0,0,1,train
vp_36391_case_001,0,1,0,0,0,0,0,1,0,1,0,0,1,train
vp_36392_case_001,1,1,1,0,0,0,0,3,0,4,1,0,1,test
vp_36393_case_001,1,1,1,0,0,0,0,2,0,3,1,0,1,train
vp_36393_case_002,0,0,0,0,0,0,0,0,0,0,0,0,1,train
vp_36393_case_003,0,0,0,0,0,0,0,0,0,0,0,0,1,validation
vp_36394_case_001,1,1,1,0,0,0,0,2,0,3,1,0,1,train
vp_36394_case_002,1,1,1,0,0,0,0,3,0,4,1,0,1,train
vp_36394_case_003,0,1,0,0,0,0,0,1,0,1,0,0,1,train
vp_36394_case_004,1,0,1,0,0,0,0,1,0,2,1,0,1,train
vp_36395_case_001,1,1,1,1,0,0,0,3,0,4,1,0,1,train
vp_36396_case_001,1,1,1,0,0,0,0,2,0,3,1,0,1,train
vp_36396_case_002,0,0,0,0,0,0,0,0,0,0,0,0,1,test
vp_36396_case_003,0,0,0,0,0,0,0,0,0,0,0,0,1,train
vp_36396_case_004,0,0,0,0,0,0,0,0,0,0,0,0,1,test
vp_36396_case_005,0,0,0,0,0,0,0,0,0,0,0,0,1,validation
vp_36396_case_006,0,0,0,0,0,0,0,0,0,0,0,0,1,train
vp_36396_case_007,0,0,0,0,0,0,0,0,0,0,0,0,1,validation
vp_36396_case_008,0,0,0,0,0,0,0,0,0,0,0,0,1,train
vp_36396_case_009,0,0,0,0,0,0,0,0,0,0,0,0,1,train
vp_36396_case_010,0,0,0,0,0,0,0,0,0,0,0,0,1,train
vp_36396_case_011,0,0,0,0,0,0,0,0,0,0,0,0,1,validation
vp_36396_case_012,1,1,1,0,0,0,0,2,0,3,1,0,1,train
vp_36396_case_013,1,1,0,0,0,0,0,2,0,2,0,0,1,test
vp_36397_case_001,0,1,0,0,0,0,0,1,0,1,0,0,1,train
vp_36398_case_001,1,1,1,0,0,0,0,2,0,3,1,0,1,test
vp_36399_case_001,0,1,0,0,0,0,0,1,0,1,0,0,1,test
vp_36400_case_001,1,1,1,0,0,0,0,2,0,3,1,0,1,validation
vp_36401_case_001,1,1,1,0,0,0,0,2,0,3,1,0,1,train
vp_36401_case_002,1,1,0,1,0,0,0,2,0,3,1,0,1,train
vp_36401_case_003,0,0,0,0,0,0,0,0,0,0,0,0,1,train
vp_36402_case_001,0,0,0,0,0,0,0,0,0,0,0,0,1,train
vp_36403_case_001,1,1,1,0,1,1,0,3,1,5,1,1,1,train
vp_36404_case_001,1,1,0,1,0,0,0,3,0,4,1,0,1,train
vp_36405_case_001,1,1,0,0,1,0,0,4,0,4,0,0,1,train
vp_36406_case_001,1,1,1,0,0,0,0,2,0,3,1,0,1,train
vp_36407_case_001,0,1,0,0,0,0,0,1,0,1,0,0,1,train
vp_36407_case_002,0,1,0,1,0,0,0,1,0,2,0,0,1,train
vp_36407_case_003,0,1,0,0,0,0,0,1,0,1,0,0,1,train
vp_36407_case_004,0,0,0,0,0,0,0,0,0,0,0,0,1,validation
vp_36407_case_005,0,0,0,0,0,0,0,1,0,1,0,0,1,train
vp_36407_case_006,1,0,0,0,0,0,0,1,0,1,0,0,1,train
vp_36408_case_001,0,0,0,0,0,0,0,0,0,0,0,0,1,train
vp_36408_case_002,0,0,0,0,0,0,0,0,0,0,0,0,1,train
vp_36409_case_001,1,1,0,0,0,0,0,2,0,2,0,0,1,validation
vp_36410_case_001,1,0,0,0,0,0,0,1,0,1,0,0,1,test
vp_36411_case_001,0,1,0,0,0,0,0,1,0,1,0,0,1,validation
vp_36412_case_001,0,0,0,0,0,0,0,0,0,0,0,0,1,train
vp_36413_case_001,1,1,1,0,0,0,0,3,0,4,1,0,1,train
vp_36414_case_001,1,1,0,0,0,0,0,2,0,2,0,0,1,train
vp_36415_case_001,1,1,1,0,0,0,0,2,0,3,1,0,1,train
vp_36415_case_002,1,1,0,0,0,0,0,2,0,2,0,0,1,train
vp_36416_case_001,0,1,0,0,0,0,0,1,0,1,0,0,1,train
vp_36416_case_002,0,1,0,0,0,0,0,1,0,1,0,0,1,train
vp_36416_case_003,1,0,0,0,0,0,0,1,0,1,0,0,1,validation
vp_36416_case_004,1,1,0,0,0,0,0,2,0,2,0,0,1,train
vp_36416_case_005,1,0,0,0,0,0,0,1,0,1,0,0,1,train
vp_36416_case_006,1,1,1,0,0,0,0,2,0,3,1,0,1,train
vp_36416_case_007,0,1,0,0,0,0,0,1,0,1,0,0,1,validation
vp_36416_case_008,1,1,0,1,0,0,0,2,0,3,1,0,1,train
vp_36416_case_009,1,0,0,0,0,0,0,1,0,1,0,0,1,train
vp_36416_case_010,0,0,0,0,0,0,0,0,0,0,0,0,1,train
vp_36416_case_011,0,0,0,0,0,0,0,0,0,0,0,0,1,test
vp_36417_case_001,0,1,0,0,0,0,0,1,0,1,0,0,1,test
vp_36417_case_002,1,1,0,0,0,0,0,2,0,2,0,0,1,train
vp_36417_case_003,0,1,0,0,0,0,0,1,0,1,0,0,1,train
vp_36417_case_004,0,0,0,0,0,0,0,0,0,0,0,0,1,validation
vp_36418_case_001,1,1,1,0,0,0,0,2,0,3,1,0,1,validation
vp_36419_case_001,0,0,0,0,0,0,0,0,0,0,0,0,1,train
vp_36428_case_001,0,0,0,0,0,0,0,0,0,0,0,0,1,validation
vp_36429_case_001,1,1,0,1,0,0,0,2,0,3,1,0,1,validation
vp_36432_case_001,0,1,0,0,0,0,0,1,0,1,0,0,1,test
vp_36435_case_001,1,1,1,0,0,0,0,2,0,3,1,0,1,train
vp_36435_case_002,0,0,0,0,0,0,0,0,0,0,0,0,1,train
vp_36438_case_001,0,0,0,0,0,0,0,0,0,0,0,0,1,train
vp_36441_case_001,1,1,0,0,0,0,0,2,0,2,0,0,1,validation
vp_36442_case_001,1,1,1,0,0,0,0,2,0,3,1,0,1,test
vp_36443_case_001,1,1,1,0,0,0,0,2,0,3,1,0,1,train
vp_36444_case_001,0,1,0,0,0,0,0,1,0,1,0,0,1,test
vp_36445_case_001,0,1,0,0,0,0,0,1,0,1,0,0,1,train
vp_36446_case_001,1,1,1,0,0,0,0,2,0,3,1,0,1,train
vp_36448_case_001,1,1,1,0,0,0,0,2,0,3,1,0,1,validation
vp_36449_case_001,1,1,1,0,0,0,0,2,0,3,1,0,1,train
vp_36450_case_001,1,1,1,0,0,0,0,2,0,3,1,0,1,test
vp_36451_case_001,1,1,1,0,0,0,0,2,0,3,1,0,1,train
vp_36453_case_001,1,1,1,0,0,0,0,2,0,3,1,0,1,train
vp_36454_case_001,0,1,0,0,0,0,0,1,0,1,0,0,1,validation
vp_36457_case_001,0,1,0,0,0,0,0,1,0,1,0,0,1,validation
vp_36467_case_001,1,0,1,0,0,0,0,1,0,2,1,0,1,train
vp_36467_case_002,0,0,0,0,0,0,0,0,0,0,0,0,1,test
vp_36478_case_001,0,1,0,0,0,0,0,1,0,1,0,0,1,train
vp_36483_case_001,0,0,0,0,0,0,0,0,0,0,0,0,1,train
vp_36483_case_002,0,0,0,0,0,0,0,0,0,0,0,0,1,test
vp_36486_case_001,0,0,0,0,0,0,0,0,0,0,0,0,1,train
vp_36491_case_001,0,1,0,0,0,0,0,1,0,1,0,0,1,train
vp_36492_case_001,1,1,1,0,0,0,0,2,0,3,1,0,1,validation
vp_36495_case_001,0,0,0,0,0,0,0,0,0,0,0,0,1,train
vp_36503_case_001,1,1,0,0,0,0,0,2,0,2,0,0,1,train
vp_36552_case_001,1,0,0,0,0,0,0,1,0,1,0,0,1,train
vp_36553_case_001,0,1,0,0,0,0,0,1,0,1,0,0,1,train
vp_36555_case_001,0,0,0,0,0,0,0,0,0,0,0,0,1,train
vp_36560_case_001,0,1,0,0,0,0,0,1,0,1,0,0,1,validation
vp_36561_case_001,0,0,0,0,0,0,0,0,0,0,0,0,1,train
vp_36562_case_001,1,1,1,1,0,0,0,2,0,3,1,0,1,train
vp_36568_case_001,1,1,1,0,0,0,0,2,0,3,1,0,1,train
vp_36614_case_001,1,1,0,0,0,0,0,2,0,2,0,0,1,train
vp_36736_case_001,0,1,0,0,0,0,0,1,0,1,0,0,1,train
vp_36736_case_002,0,0,0,0,0,0,0,0,0,0,0,0,1,train
vp_130761_case_001,1,0,0,0,0,0,0,1,0,1,0,0,1,train
vp_130762_case_001,1,0,0,0,0,0,0,1,0,1,0,0,1,train
vp_130762_case_002,1,1,1,0,0,0,0,3,0,4,1,0,1,train
vp_130764_case_001,1,0,0,0,0,0,0,1,0,1,0,0,1,train
vp_130766_case_001,0,1,0,0,0,0,0,2,0,2,0,0,1,train
vp_130767_case_001,1,1,0,0,0,0,0,2,0,2,0,0,1,train
vp_130767_case_002,0,0,0,0,0,0,0,0,0,0,0,0,1,train
vp_130768_case_001,1,1,1,0,0,0,0,3,0,4,1,0,1,validation
vp_130778_case_001,1,0,1,0,0,0,0,1,0,2,1,0,1,train
vp_130780_case_001,1,1,0,1,1,0,0,5,1,7,1,0,1,train
vp_130781_case_001,1,0,0,0,0,0,0,1,0,1,0,0,1,test
vp_130783_case_001,1,1,0,0,0,0,0,2,0,2,0,0,1,train
vp_130784_case_001,1,1,1,0,0,0,0,2,0,3,1,0,1,train
vp_130785_case_001,1,1,1,0,0,0,0,2,0,3,1,0,1,validation
vp_130785_case_002,0,0,0,0,0,0,0,0,0,0,0,0,1,train
vp_18243_case_001,1,1,1,1,0,0,0,2,0,3,1,0,1,train
vp_18244_case_001,0,0,0,0,0,0,0,0,0,0,0,0,1,train
vp_18245_case_001,1,1,0,0,0,0,0,2,0,2,0,0,1,train
vp_18246_case_001,0,0,0,0,0,0,0,0,0,0,0,0,1,test
vp_18246_case_002,1,1,0,0,0,0,0,2,0,2,0,0,1,train
vp_18247_case_001,1,1,0,1,0,0,0,2,0,3,1,0,1,train
vp_18248_case_001,1,0,0,0,0,0,0,3,0,3,0,0,1,train
vp_18248_case_002,0,0,0,0,0,0,0,0,0,0,0,0,1,test
vp_18249_case_001,0,0,0,0,0,0,0,1,0,0,0,0,1,train
vp_18250_case_001,0,0,0,0,0,0,0,3,0,2,0,0,1,train
vp_18251_case_001,0,0,0,0,0,0,0,0,0,0,0,0,1,train
vp_18251_case_002,0,0,0,0,0,0,0,0,0,0,0,0,1,test
vp_18251_case_003,0,0,0,0,0,0,0,0,0,0,0,0,1,validation
vp_18251_case_004,0,0,0,0,0,0,0,0,0,0,0,0,1,train
vp_18252_case_001,0,0,0,1,0,0,0,1,0,2,0,0,1,train
vp_18252_case_002,0,1,0,0,0,0,0,1,0,1,0,0,1,train
vp_18253_case_001,1,1,1,1,0,0,0,2,0,3,1,0,1,test
vp_18253_case_002,0,0,0,0,0,0,0,0,0,0,0,0,1,test
vp_18254_case_001,1,0,0,0,0,0,0,1,0,1,0,0,1,train
vp_18254_case_002,1,1,1,0,0,0,0,3,0,4,1,0,1,validation
vp_18255_case_001,0,0,0,0,0,0,0,0,0,0,0,0,1,train
vp_18255_case_002,0,1,0,0,0,0,0,1,0,1,0,0,1,train
vp_18256_case_001,0,0,0,0,0,0,0,0,0,0,0,0,1,train
vp_18256_case_002,0,0,0,0,0,0,0,0,0,0,0,0,1,train
vp_18257_case_001,1,1,0,0,0,0,0,2,0,2,0,0,1,test
vp_18257_case_002,1,1,1,0,0,0,0,2,0,3,1,0,1,train
vp_18258_case_001,1,1,0,0,1,1,0,3,1,4,0,1,1,train
vp_18259_case_001,1,1,1,0,0,0,0,2,0,3,1,0,1,train
vp_18259_case_002,0,0,0,0,0,0,0,0,0,0,0,0,1,test
vp_18259_case_003,0,0,0,0,0,0,0,0,0,0,0,0,1,train
vp_18260_case_001,0,0,0,0,0,0,0,0,0,0,0,0,1,train
vp_18260_case_002,1,0,0,0,0,0,0,2,0,2,0,0,1,train
vp_18261_case_001,0,0,0,0,0,0,0,0,0,0,0,0,1,train
vp_18262_case_001,0,0,0,0,0,0,0,1,0,0,0,0,1,train
vp_18263_case_001,0,0,0,0,0,0,0,1,0,0,0,0,1,train
vp_18264_case_001,0,0,0,0,0,0,0,0,0,0,0,0,1,validation
vp_18264_case_002,0,0,0,0,0,0,0,0,0,0,0,0,1,train
vp_18264_case_003,0,0,0,0,0,0,0,1,0,1,0,0,1,train
vp_18265_case_001,0,1,0,0,0,0,0,1,0,1,0,0,1,train
vp_18266_case_001,0,0,0,0,0,0,0,0,0,0,0,0,1,train
vp_18266_case_002,0,0,0,0,0,0,0,1,0,1,0,0,1,train
vp_18267_case_001,0,0,0,0,0,0,0,1,0,1,0,0,1,train
vp_18268_case_001,0,0,0,0,0,0,0,1,0,1,0,0,1,train
vp_18269_case_001,0,1,0,0,0,0,0,1,0,1,0,0,1,validation
vp_18269_case_002,1,1,1,0,0,0,0,2,0,3,1,0,1,train
vp_18269_case_003,1,1,1,0,0,0,0,2,0,3,1,0,1,train
vp_18270_case_001,1,1,1,0,0,0,0,2,0,3,1,0,1,validation
vp_18270_case_002,1,1,0,0,0,0,0,2,0,2,0,0,1,train
vp_18271_case_001,0,1,0,0,0,0,0,1,0,1,0,0,1,validation
vp_18271_case_002,0,1,0,0,0,0,0,1,0,1,0,0,1,test
vp_18272_case_001,0,0,0,0,0,0,0,0,0,0,0,0,1,train
vp_18272_case_002,1,1,0,0,0,0,0,2,0,2,0,0,1,test
vp_18272_case_003,1,1,0,0,0,0,0,2,0,2,0,0,1,validation
vp_18273_case_001,0,1,0,0,0,0,0,1,0,1,0,0,1,train
vp_18273_case_002,0,1,0,0,0,0,0,1,0,1,0,0,1,test
vp_18273_case_003,1,1,0,0,0,0,0,2,0,2,0,0,1,validation
vp_18274_case_001,1,1,1,0,0,0,0,2,0,3,1,0,1,train
vp_18274_case_002,1,0,1,0,0,0,0,1,0,2,1,0,1,validation
vp_18274_case_003,1,1,1,0,0,0,0,2,0,3,1,0,1,train
vp_18274_case_004,0,0,0,0,0,0,0,0,0,0,0,0,1,validation
vp_18275_case_001,1,1,0,0,0,0,0,2,0,2,0,0,1,test
vp_18275_case_002,0,1,0,0,0,0,0,1,0,1,0,0,1,train
vp_18275_case_003,1,1,1,0,0,0,0,2,0,3,1,0,1,train
vp_18276_case_001,1,0,0,0,0,0,0,1,0,1,0,0,1,train
vp_18276_case_002,1,1,0,1,0,0,0,2,0,3,1,0,1,validation
vp_18276_case_003,1,1,0,1,0,0,0,2,0,3,1,0,1,train
vp_18276_case_004,1,1,1,0,0,0,0,2,0,3,1,0,1,validation
vp_18277_case_001,0,0,0,0,0,0,0,0,0,0,0,0,1,test
vp_18277_case_002,0,0,0,0,0,0,0,0,0,0,0,0,1,train
vp_18277_case_003,0,0,0,0,0,0,0,0,0,0,0,0,1,train
vp_18277_case_004,0,0,0,0,0,0,0,0,0,0,0,0,1,train
vp_18277_case_005,0,0,0,0,0,0,0,0,0,0,0,0,1,train
vp_18277_case_006,0,0,0,0,0,0,0,0,0,0,0,0,1,test
vp_18277_case_007,0,0,0,0,0,0,0,0,0,0,0,0,1,test
vp_18277_case_008,0,0,0,0,0,0,0,0,0,0,0,0,1,train
vp_18277_case_009,0,0,0,0,0,0,0,0,0,0,0,0,1,train
vp_18277_case_010,0,0,0,0,0,0,0,0,0,0,0,0,1,validation
vp_18278_case_001,1,1,1,0,0,0,0,2,0,3,1,0,1,train
vp_18278_case_002,1,1,0,0,0,0,0,2,0,2,0,0,1,train
vp_18279_case_001,0,0,0,0,0,0,0,0,0,0,0,0,1,validation
vp_18279_case_002,0,0,0,0,0,0,0,0,0,0,0,0,1,train
vp_18279_case_003,0,0,0,0,0,0,0,0,0,0,0,0,1,validation
vp_18279_case_004,0,0,0,0,0,0,0,0,0,0,0,0,1,train
vp_18279_case_005,0,0,0,0,0,0,0,0,0,0,0,0,1,test
vp_18279_case_006,0,0,0,0,0,0,0,0,0,0,0,0,1,test
vp_18280_case_001,1,1,0,0,0,0,0,2,0,2,0,0,1,test
vp_18280_case_002,1,1,0,0,0,0,0,3,0,3,0,0,1,train
vp_18280_case_003,1,1,0,0,0,0,0,3,0,3,0,0,1,train
vp_18281_case_001,1,1,0,0,0,0,0,2,0,2,0,0,1,validation
vp_18281_case_002,1,1,1,0,0,0,0,2,0,3,1,0,1,train
vp_18281_case_003,1,0,0,0,0,0,0,1,0,1,0,0,1,train
vp_18282_case_001,1,1,1,0,0,0,0,3,0,4,1,0,1,train
vp_18282_case_002,1,1,1,1,0,0,0,3,0,4,1,0,1,train
vp_18282_case_003,0,0,0,0,0,0,0,1,0,1,0,0,1,train
vp_18283_case_001,0,0,0,0,0,0,0,0,0,0,0,0,1,train
vp_18283_case_002,0,1,0,0,0,0,0,1,0,1,0,0,1,train
vp_18283_case_003,0,1,0,0,0,0,0,1,0,1,0,0,1,train
vp_18283_case_004,1,0,0,0,0,0,0,1,0,1,0,0,1,train
vp_18283_case_005,1,1,1,0,0,0,0,2,0,3,1,0,1,train
vp_18284_case_001,1,1,1,1,0,0,0,2,0,3,1,0,1,train
vp_18284_case_002,1,1,0,1,0,0,0,2,0,3,1,0,1,train
vp_18284_case_003,0,1,0,0,0,0,0,1,0,1,0,0,1,train
vp_18285_case_001,0,0,0,0,0,0,0,0,0,0,0,0,1,train
vp_18285_case_002,0,1,0,0,0,0,0,1,0,1,0,0,1,validation
vp_18285_case_003,0,0,0,0,0,0,0,0,0,0,0,0,1,test
vp_18285_case_004,0,1,0,0,0,0,0,1,0,1,0,0,1,validation
vp_18285_case_005,1,1,0,0,0,0,0,2,0,2,0,0,1,validation
vp_18286_case_001,1,1,0,0,0,0,0,2,0,2,0,0,1,train
vp_18286_case_002,1,0,0,1,0,0,0,1,0,2,1,0,1,train
vp_18287_case_001,0,0,0,0,0,0,0,1,0,1,0,0,1,test
vp_18287_case_002,1,0,0,0,0,0,0,3,1,4,0,0,1,train
vp_18287_case_003,0,0,0,1,0,0,0,1,0,2,0,0,1,validation
vp_18288_case_001,0,0,0,0,0,0,0,0,0,0,0,0,1,train
vp_18288_case_002,0,0,0,0,0,0,0,0,0,0,0,0,1,validation
vp_18288_case_003,0,0,0,0,0,0,0,0,0,0,0,0,1,train
vp_18288_case_004,0,0,0,0,0,0,0,0,0,0,0,0,1,train
vp_18289_case_001,1,1,1,0,0,0,0,2,0,3,1,0,1,train
vp_18290_case_001,1,1,1,1,0,0,0,2,0,3,1,0,1,validation
vp_18290_case_002,0,0,0,0,0,0,0,0,0,0,0,0,1,train
vp_18290_case_003,1,0,0,0,0,0,0,1,0,1,0,0,1,train
vp_18290_case_004,1,1,0,1,0,0,0,2,0,3,1,0,1,train
vp_18290_case_005,0,0,0,0,0,0,0,0,0,0,0,0,1,train
vp_18291_case_001,1,1,0,0,0,0,0,2,0,2,0,0,1,train
vp_18291_case_002,1,0,0,0,0,0,0,1,0,1,0,0,1,train
vp_18291_case_003,1,1,0,1,0,0,0,2,0,3,1,0,1,train
vp_18292_case_001,0,0,0,0,0,0,0,0,0,0,0,0,1,train
vp_18292_case_002,0,0,0,0,0,0,0,0,0,0,0,0,1,train
vp_18292_case_003,0,0,0,0,0,0,0,0,0,0,0,0,1,train
vp_18292_case_004,0,0,0,1,0,0,0,0,0,1,0,0,1,train
vp_18292_case_005,0,1,0,0,0,0,0,1,0,1,0,0,1,validation
vp_18293_case_001,1,1,0,1,0,0,0,2,0,3,1,0,1,train
vp_18293_case_002,0,0,0,0,0,0,0,0,0,0,0,0,1,train
vp_18294_case_001,1,1,1,0,0,0,0,2,0,3,1,0,1,train
vp_18294_case_002,0,1,0,0,0,0,0,1,0,1,0,0,1,validation
vp_18294_case_003,1,0,0,0,0,0,0,1,0,1,0,0,1,train
vp_18295_case_001,1,1,1,0,0,0,0,2,0,3,1,0,1,train
vp_18295_case_002,1,1,0,0,0,0,0,3,0,3,0,0,1,train
vp_18295_case_003,1,1,0,0,0,0,0,2,0,2,0,0,1,train
vp_18296_case_001,1,0,0,0,0,0,0,1,0,1,0,0,1,train
vp_18296_case_002,1,1,0,0,0,0,0,2,0,2,0,0,1,validation
vp_18296_case_003,1,1,0,0,0,0,0,2,0,2,0,0,1,train
vp_18296_case_004,0,1,0,0,0,0,0,2,0,2,0,0,1,test
vp_18297_case_001,1,1,0,0,0,0,0,2,0,2,0,0,1,train
vp_18297_case_002,1,1,0,0,0,0,0,2,0,2,0,0,1,train
vp_18297_case_003,1,1,0,0,0,0,0,2,0,2,0,0,1,validation
vp_18298_case_001,1,0,0,1,0,0,0,2,0,3,1,0,1,train
vp_18298_case_002,1,1,0,1,0,0,0,2,0,3,1,0,1,train
vp_18299_case_001,1,0,0,1,0,0,0,1,0,2,1,0,1,train
vp_18299_case_002,1,1,0,0,0,0,0,2,0,2,0,0,1,train
vp_18300_case_001,0,1,0,0,0,0,0,1,0,1,0,0,1,train
vp_18300_case_002,1,1,0,0,0,0,0,2,0,2,0,0,1,train
vp_18300_case_003,0,0,0,0,0,0,0,0,0,0,0,0,1,validation
vp_18300_case_004,1,1,0,1,0,0,0,2,0,3,1,0,1,validation
vp_18300_case_005,1,1,0,0,0,0,0,3,0,3,0,0,1,validation
vp_18301_case_001,1,1,1,0,0,0,0,3,0,4,1,0,1,train
vp_18301_case_002,1,1,1,0,0,0,0,2,0,3,1,0,1,train
vp_18302_case_001,1,1,1,0,0,0,0,2,0,3,1,0,1,train
vp_18302_case_002,1,1,1,0,0,0,0,2,0,3,1,0,1,train
vp_18303_case_001,1,0,0,0,0,0,0,1,0,1,0,0,1,train
vp_18303_case_002,1,1,0,0,0,0,0,3,0,3,0,0,1,validation
vp_18303_case_003,1,1,0,0,0,0,0,2,0,2,0,0,1,train
vp_18303_case_004,1,1,0,0,0,0,0,2,0,2,0,0,1,train
vp_18304_case_001,0,0,0,0,0,0,0,0,0,0,0,0,1,train
vp_18304_case_002,0,0,0,0,0,0,0,0,0,0,0,0,1,test
vp_18304_case_003,0,0,0,0,0,0,0,0,0,0,0,0,1,train
vp_18304_case_004,0,0,0,0,0,0,0,0,0,0,0,0,1,train
vp_18304_case_005,0,0,0,0,0,0,0,0,0,0,0,0,1,train
vp_18304_case_006,1,1,0,0,0,0,0,2,0,2,0,0,1,train
vp_18304_case_007,0,0,0,0,0,0,0,0,0,0,0,0,1,train
vp_18304_case_008,1,1,0,1,0,0,0,2,0,3,1,0,1,train
vp_18305_case_001,1,1,1,0,0,0,0,2,0,3,1,0,1,train
vp_18305_case_002,1,1,1,0,0,0,0,2,0,3,1,0,1,train
vp_18305_case_003,1,1,1,0,0,0,0,2,0,3,1,0,1,test
vp_18305_case_004,1,1,0,0,0,0,0,4,0,4,0,0,1,train
vp_18306_case_001,0,0,0,0,0,0,0,0,0,0,0,0,1,validation
vp_18306_case_002,1,1,0,0,0,0,0,2,0,2,0,0,1,validation
vp_18306_case_003,1,1,0,0,0,0,0,2,0,2,0,0,1,train
vp_18306_case_004,1,1,0,0,0,0,0,2,0,2,0,0,1,validation
vp_18307_case_001,1,1,0,0,0,0,0,2,0,2,0,0,1,train
vp_18307_case_002,0,1,0,1,0,0,0,1,0,2,0,0,1,test
vp_18308_case_001,1,1,1,0,0,0,0,2,0,3,1,0,1,validation
vp_18309_case_001,1,1,1,1,0,0,0,2,0,3,1,0,1,train
vp_18310_case_001,1,0,0,0,0,0,0,1,0,1,0,0,1,validation
vp_18310_case_002,0,0,0,0,0,0,0,0,0,0,0,0,1,train
vp_18311_case_001,0,0,0,1,0,0,0,0,0,1,0,0,1,train
vp_18312_case_001,1,1,0,0,0,0,0,2,0,2,0,0,1,train
vp_18313_case_001,1,1,0,0,0,0,0,3,0,3,0,0,1,validation
vp_18314_case_001,0,1,0,0,0,0,0,2,0,2,0,0,1,train
vp_18315_case_001,1,1,1,0,0,0,0,2,0,3,1,0,1,train
vp_18316_case_001,1,1,1,0,0,0,0,2,0,3,1,0,1,train
vp_18317_case_001,1,1,0,0,0,0,0,2,0,2,0,0,1,train
vp_18318_case_001,1,1,0,1,0,0,0,2,0,3,1,0,1,train
vp_18319_case_001,1,1,0,0,0,0,0,2,0,2,0,0,1,test
vp_18320_case_001,1,1,1,0,0,0,0,2,0,3,1,0,1,test
vp_18321_case_001,0,1,0,1,0,0,0,1,0,2,0,0,1,train
vp_18321_case_002,1,0,0,0,0,0,0,1,0,1,0,0,1,validation
vp_18322_case_001,0,0,0,0,0,0,0,0,0,0,0,0,1,train
vp_18322_case_002,1,1,1,0,0,0,0,2,0,3,1,0,1,train
vp_18323_case_001,1,1,0,0,0,0,0,2,0,2,0,0,1,test
vp_18324_case_001,1,1,0,0,0,0,0,2,0,2,0,0,1,train
vp_217128_case_001,1,1,1,0,0,0,0,2,0,3,1,0,1,train
vp_217129_case_001,1,1,0,0,0,0,0,3,0,3,0,0,1,train
vp_217129_case_002,0,0,0,0,0,0,0,0,0,0,0,0,1,validation
vp_217129_case_003,0,0,0,0,0,0,0,0,0,0,0,0,1,train
vp_217130_case_001,1,1,0,0,0,0,0,2,0,2,0,0,1,train
vp_217131_case_001,0,0,0,0,0,0,0,0,0,0,0,0,1,train
vp_217131_case_002,0,1,0,0,0,0,0,1,0,1,0,0,1,train
vp_217132_case_001,1,1,0,1,0,0,0,3,0,4,1,0,1,train
vp_217132_case_002,0,0,0,0,0,0,0,0,0,0,0,0,1,validation
vp_217133_case_001,1,1,1,0,0,0,0,2,0,3,1,0,1,train
vp_217133_case_002,0,0,0,0,0,0,0,0,0,0,0,0,1,train
vp_217133_case_003,0,0,0,0,0,0,0,0,0,0,0,0,1,train
vp_217133_case_004,0,0,0,0,0,0,0,0,0,0,0,0,1,train
vp_217134_case_001,1,1,0,0,0,0,0,2,0,2,0,0,1,test
normal_21-1_sec_01_005683,0,0,0,0,1,0,1,1,1,2,0,0,0,train
normal_21-1_bk_08_022577,0,0,0,0,0,0,0,0,0,0,0,0,0,validation
normal_21-1_ins_03_900878,0,0,0,0,0,0,0,0,0,0,0,0,0,train
normal_21-1_bk_03_014535,0,0,0,0,0,0,0,0,0,0,0,0,0,train
normal_21-1_sec_06_010030,0,0,0,0,1,0,1,1,1,2,0,0,0,validation
normal_21-1_sec_05_001677,0,0,0,0,1,0,0,2,0,2,0,0,0,train
normal_21-1_sec_01_011866,0,0,0,0,0,0,0,0,0,0,0,0,0,train
normal_21-1_sec_06_012997,0,0,0,0,1,0,1,1,1,2,0,0,0,train
normal_21-1_bk_06_013543,0,0,0,1,1,0,1,1,1,3,0,0,0,test
normal_21-1_bk_08_021261,0,0,0,0,0,0,0,0,0,0,0,0,0,train
normal_21-1_bk_03_018048,0,0,0,1,0,0,0,0,0,1,0,0,0,train
normal_21-1_sec_03_003266,0,0,0,0,1,1,1,1,2,3,0,1,0,train
normal_21-1_bk_09_011359,0,0,0,0,0,0,0,0,0,0,0,0,0,train
normal_21-1_bk_04_010267,0,0,0,1,0,0,0,0,0,1,0,0,0,test
normal_21-1_bk_06_012764,0,0,0,1,0,0,0,0,0,1,0,0,0,test
normal_21-1_sec_06_002508,0,0,0,0,0,0,0,0,0,0,0,0,0,train
normal_21-1_bk_01_015893,0,0,0,1,0,0,0,0,0,1,0,0,0,train
normal_21-1_bk_06_025741,0,0,0,0,1,0,1,1,1,2,0,0,0,train
normal_21-1_ins_05_001686,0,0,0,0,0,0,0,0,0,0,0,0,0,train
normal_21-1_ins_03_016782,0,0,0,0,0,0,0,0,0,0,0,0,0,train
normal_21-1_sec_07_009186,0,0,0,0,1,0,1,1,1,2,0,0,0,test
normal_21-1_bk_03_003075,0,0,0,1,1,0,0,1,0,2,0,0,0,validation
normal_21-1_bk_01_010610,0,0,0,1,0,0,0,0,0,1,0,0,0,train
normal_21-1_sec_01_000138,0,0,0,0,0,0,0,0,0,0,0,0,0,train
normal_21-1_ins_03_902434,0,0,0,0,0,0,0,0,0,0,0,0,0,train
normal_21-1_sec_04_008466,0,0,0,0,1,0,1,1,1,2,0,0,0,train
normal_21-1_sec_03_007353,0,0,0,0,1,1,1,1,2,3,0,1,0,train
normal_21-1_bk_08_006578,0,0,0,1,1,1,1,1,2,4,0,1,0,test
normal_21-1_bk_09_022910,0,0,0,1,0,0,0,0,0,1,0,0,0,train
normal_21-1_sec_04_010040,0,0,0,0,1,0,1,2,1,3,0,0,0,train
normal_21-1_sec_05_009044,0,0,0,0,0,0,0,0,0,0,0,0,0,train
normal_21-1_sec_05_009984,0,0,0,0,1,0,1,1,1,2,0,0,0,train
normal_21-1_sec_08_000876,0,0,0,0,0,0,0,0,0,0,0,0,0,validation
normal_21-1_bk_01_020476,0,0,0,1,1,0,1,2,1,4,0,0,0,train
normal_21-1_sec_07_010684,0,0,0,0,1,0,0,1,0,1,0,0,0,test
normal_21-1_bk_08_003371,0,0,0,1,1,0,0,1,0,2,0,0,0,train
normal_21-1_sec_08_011906,0,0,0,0,0,0,0,1,0,1,0,0,0,train
normal_21-1_sec_01_002926,0,0,0,0,1,0,1,1,1,2,0,0,0,train
normal_21-1_bk_05_023239,0,0,0,0,0,0,0,0,0,0,0,0,0,train
normal_21-1_sec_01_000903,0,0,0,0,0,0,0,0,0,0,0,0,0,train
normal_21-1_sec_06_900428,0,0,0,0,1,0,1,1,1,2,0,0,0,test
normal_21-1_bk_01_025728,0,0,0,1,1,0,1,1,1,3,0,0,0,train
normal_21-1_bk_04_023007,0,0,0,0,0,1,0,0,1,1,0,0,0,train
normal_21-1_sec_06_001003,0,0,0,0,1,0,1,1,1,2,0,0,0,test
normal_21-1_bk_03_030687,0,0,0,0,0,0,0,0,0,0,0,0,0,train
normal_21-1_bk_08_028728,0,0,0,1,1,1,1,1,2,4,0,1,0,train
normal_21-1_bk_08_020864,0,0,0,0,0,0,0,0,0,0,0,0,0,train
normal_21-1_bk_08_026470,0,0,0,0,1,1,1,1,2,3,0,1,0,validation
normal_21-1_sec_04_007905,0,0,0,0,0,0,0,0,0,0,0,0,0,validation
normal_21-1_bk_06_028183,0,0,0,1,0,0,0,1,1,3,0,0,0,validation
normal_21-1_sec_03_901632,0,0,0,0,1,0,1,2,1,3,0,0,0,validation
normal_21-1_sec_02_007633,0,0,0,0,1,1,1,1,2,3,0,1,0,train
normal_21-1_bk_08_006101,0,0,0,0,0,0,0,0,0,0,0,0,0,validation
normal_21-1_bk_06_004157,0,0,0,1,1,1,1,1,3,5,0,1,0,test
normal_21-1_bk_04_024161,0,0,0,0,0,0,0,0,0,0,0,0,0,test
normal_21-1_ins_04_017132,0,0,0,0,0,0,0,0,0,0,0,0,0,train
normal_21-1_sec_06_000417,0,0,0,0,1,0,0,1,0,1,0,0,0,train
normal_21-1_ins_03_001709,0,0,0,0,0,0,0,0,0,0,0,0,0,train
normal_21-1_sec_06_012200,0,0,0,0,0,0,0,0,0,0,0,0,0,validation
normal_21-1_bk_09_017733,0,0,0,1,0,0,0,0,0,1,0,0,0,train
normal_21-1_sec_05_003229,0,0,0,0,0,0,0,1,0,1,0,0,0,train
normal_21-1_ins_03_000878,0,0,0,0,0,0,0,0,0,0,0,0,0,test
normal_21-1_ins_01_005721,0,0,0,0,0,0,0,0,0,0,0,0,0,test
normal_21-1_sec_05_014050,0,0,0,0,1,0,1,1,1,2,0,0,0,train
normal_21-1_sec_01_010386,0,0,0,0,0,0,0,0,0,0,0,0,0,test
normal_21-1_sec_01_000258,0,0,0,0,0,0,0,0,0,0,0,0,0,train
normal_21-1_bk_09_029897,0,0,0,1,0,0,0,0,0,1,0,0,0,train
normal_21-1_ins_03_013129,0,0,0,0,0,0,0,0,0,0,0,0,0,train
normal_21-1_ins_05_011519,0,0,0,0,0,0,0,0,0,0,0,0,0,train
normal_21-1_bk_01_000455,0,1,0,1,0,0,0,1,0,2,0,0,0,train
normal_21-1_bk_08_008179,0,0,0,0,0,0,0,0,0,0,0,0,0,train
normal_21-1_bk_02_031087,0,0,0,1,0,0,0,0,0,1,0,0,0,validation
normal_21-1_sec_05_010675,0,0,0,0,0,0,0,0,0,0,0,0,0,train
normal_21-1_sec_03_011342,0,0,0,0,0,0,0,0,0,0,0,0,0,train
normal_21-1_sec_02_014353,0,0,0,0,1,0,1,1,1,2,0,0,0,train
normal_21-1_bk_06_021345,0,0,0,0,1,0,1,1,1,2,0,0,0,train
normal_21-1_sec_04_001147,0,1,0,0,1,1,0,3,1,4,0,1,0,train
normal_21-1_sec_01_002803,0,0,0,0,0,0,0,0,0,0,0,0,0,train
normal_21-1_sec_03_900338,0,0,0,0,0,0,0,0,0,0,0,0,0,train
normal_21-1_sec_08_001669,0,0,0,0,0,0,0,0,0,0,0,0,0,train
normal_21-1_bk_05_021390,0,0,0,0,0,0,0,0,0,0,0,0,0,validation
normal_21-1_bk_04_027708,0,0,0,1,0,0,0,0,0,1,0,0,0,train
normal_21-1_ins_03_011361,0,0,0,0,0,0,0,0,0,0,0,0,0,train
normal_21-1_sec_04_001947,0,0,0,0,0,0,0,0,0,0,0,0,0,train
normal_21-1_bk_08_000360,0,0,0,0,1,0,1,1,1,2,0,0,0,train
normal_21-1_bk_08_031988,0,0,0,0,0,0,0,0,0,0,0,0,0,train
normal_21-1_ins_01_008460,0,0,0,0,0,0,0,0,0,0,0,0,0,train
normal_21-1_sec_05_006805,0,0,0,0,0,0,0,1,1,2,0,0,0,validation
normal_21-1_bk_06_011537,0,0,0,1,1,0,1,2,2,5,0,0,0,test
normal_21-1_bk_09_016126,0,0,0,1,0,0,0,0,0,1,0,0,0,train
normal_21-1_sec_02_009291,0,0,0,0,1,0,1,1,1,2,0,0,0,train
normal_21-1_bk_06_024433,0,0,0,1,0,0,0,0,0,1,0,0,0,test
normal_21-1_bk_01_031345,0,0,0,1,0,0,0,0,0,1,0,0,0,train
normal_21-1_bk_04_013127,0,0,0,1,1,0,1,1,1,3,0,0,0,train
normal_21-1_bk_08_003987,0,0,0,0,0,0,0,0,0,0,0,0,0,train
normal_21-1_bk_08_000824,0,0,0,0,1,1,1,1,2,3,0,1,0,train
normal_21-1_sec_06_010679,0,0,0,0,1,1,0,1,1,2,0,1,0,train
normal_21-1_sec_03_014852,0,0,0,0,0,0,0,0,0,0,0,0,0,train
normal_21-1_sec_03_900325,0,0,0,0,1,0,0,1,0,1,0,0,0,test
normal_21-1_sec_05_008810,0,0,0,0,1,0,0,1,0,1,0,0,0,test
normal_21-1_bk_02_026313,0,0,0,0,1,0,1,1,1,2,0,0,0,validation
normal_21-1_bk_06_024143,0,0,0,1,1,0,1,1,1,3,0,0,0,train
normal_21-1_bk_02_010934,0,0,0,1,0,0,0,0,0,1,0,0,0,validation
normal_21-1_sec_03_008503,0,0,0,0,1,1,0,1,1,2,0,1,0,train
normal_21-1_bk_01_003183,0,0,0,1,1,0,1,1,1,3,0,0,0,train
normal_21-1_bk_03_004472,0,0,0,0,0,0,0,0,0,0,0,0,0,test
normal_21-1_sec_03_013471,0,0,0,0,0,0,0,1,0,1,0,0,0,validation
normal_21-1_sec_05_006447,0,0,0,0,1,0,1,3,1,4,0,0,0,train
normal_21-1_sec_06_002427,0,0,0,0,1,0,1,1,1,2,0,0,0,train
normal_21-1_sec_04_008981,0,0,0,0,1,0,1,2,2,4,0,0,0,train
normal_21-1_bk_06_017527,0,0,0,1,1,1,1,2,3,6,0,1,0,train
normal_21-1_bk_03_001966,0,0,0,0,0,0,0,0,0,0,0,0,0,train
normal_21-1_bk_01_031720,0,0,0,1,0,0,0,0,0,1,0,0,0,train
normal_21-1_sec_04_013322,0,0,0,0,0,0,0,1,1,2,0,0,0,train
normal_21-1_sec_03_003260,0,0,0,0,1,0,1,1,1,2,0,0,0,train
normal_21-1_bk_08_030206,0,0,0,1,0,0,0,0,0,1,0,0,0,train
normal_21-1_bk_06_017925,0,0,0,1,0,0,0,0,0,1,0,0,0,train
normal_21-1_bk_06_018207,0,0,0,0,1,1,1,2,3,5,0,1,0,train
normal_21-1_ins_05_009219,1,0,0,0,0,0,0,1,0,1,0,0,0,train
normal_21-1_bk_03_004628,0,0,0,1,1,0,1,1,1,3,0,0,0,train
normal_21-1_sec_04_008125,0,0,0,0,1,0,1,1,1,2,0,0,0,train
normal_21-1_ins_01_004889,0,0,0,0,0,0,0,0,0,0,0,0,0,validation
normal_21-1_bk_08_016307,0,0,0,1,1,1,1,1,2,4,0,1,0,train
normal_21-1_bk_08_028863,0,0,0,1,1,0,1,1,1,3,0,0,0,train
normal_21-1_sec_03_005322,0,0,0,0,1,1,1,2,2,4,0,1,0,train
normal_21-1_bk_03_025727,0,0,0,0,0,0,0,0,0,0,0,0,0,train
normal_21-1_bk_06_024241,0,0,0,0,1,0,1,2,1,3,0,0,0,train
normal_21-1_bk_08_018542,0,0,0,1,0,0,0,0,0,1,0,0,0,train
normal_21-1_bk_08_027665,0,0,0,1,1,0,1,2,1,4,0,0,0,test
normal_21-1_bk_06_026970,0,0,0,1,1,0,1,2,1,4,0,0,0,train
normal_21-1_bk_01_025338,0,0,0,1,0,0,0,0,0,1,0,0,0,validation
normal_21-1_sec_03_003693,0,0,0,0,0,0,0,0,0,0,0,0,0,train
normal_21-1_bk_05_019745,0,0,0,1,0,0,0,0,0,1,0,0,0,train
normal_21-1_bk_03_023434,0,0,0,1,0,0,0,0,0,1,0,0,0,train
normal_21-1_sec_06_001184,0,0,0,0,1,1,1,1,2,3,0,1,0,test
normal_21-1_bk_06_022535,0,0,0,0,0,0,0,0,0,0,0,0,0,test
normal_21-1_sec_05_004002,0,1,0,0,0,0,0,1,0,1,0,0,0,train
normal_21-1_sec_07_004566,0,0,0,0,1,0,1,1,1,2,0,0,0,train
normal_21-1_ins_01_008920,0,0,0,0,0,0,0,0,0,0,0,0,0,validation
normal_21-1_bk_01_017755,0,0,0,1,0,0,0,1,1,3,0,0,0,train
normal_21-1_ins_01_000390,0,0,0,0,0,0,0,0,0,0,0,0,0,train
normal_21-1_bk_03_013806,0,0,0,0,0,0,0,0,0,0,0,0,0,train
normal_21-1_bk_08_023865,0,0,0,1,1,0,1,1,1,3,0,0,0,train
normal_21-1_bk_04_027786,0,0,0,1,0,0,0,0,0,1,0,0,0,train
normal_21-1_bk_06_026788,0,0,0,1,1,0,1,2,1,4,0,0,0,train
normal_21-1_sec_07_002005,0,0,0,0,1,0,1,1,1,2,0,0,0,train
normal_21-1_bk_06_014498,0,0,0,1,1,1,1,1,2,4,0,1,0,train
normal_21-1_bk_04_022962,1,0,0,1,0,0,0,1,0,2,1,0,0,train
normal_21-1_bk_08_009199,0,0,0,0,0,0,0,0,0,0,0,0,0,train
normal_21-1_sec_04_010085,0,1,0,0,0,0,0,1,0,1,0,0,0,test
normal_21-1_sec_03_001721,0,0,0,0,0,0,0,1,1,2,0,0,0,train
normal_21-1_bk_08_028356,0,0,0,1,0,0,0,0,0,1,0,0,0,validation
normal_21-1_sec_01_000904,0,0,0,0,0,0,0,0,0,0,0,0,0,train
normal_21-1_bk_09_024194,0,0,0,0,0,0,0,0,0,0,0,0,0,train
normal_21-1_bk_06_028157,0,0,0,0,0,0,0,0,0,0,0,0,0,train
normal_21-1_ins_02_000615,0,0,0,0,0,0,0,0,0,0,0,0,0,train
normal_21-1_bk_01_010758,0,0,0,1,1,0,0,1,0,2,0,0,0,validation
normal_21-1_sec_03_002250,0,0,0,0,0,0,0,0,0,0,0,0,0,train
normal_21-1_bk_04_015490,1,0,0,1,1,0,0,2,0,3,1,0,0,train
normal_21-1_bk_08_021763,0,0,0,0,1,0,1,1,1,2,0,0,0,train
normal_21-1_sec_02_011345,0,0,0,0,1,0,1,2,1,3,0,0,0,validation
normal_21-1_sec_08_013338,0,0,0,0,0,0,0,0,0,0,0,0,0,validation
normal_21-1_ins_04_010955,0,0,0,0,0,0,0,0,0,0,0,0,0,test
normal_21-1_bk_06_029594,0,0,0,1,0,0,0,0,0,1,0,0,0,train
normal_21-1_bk_08_016268,0,0,0,0,1,0,1,2,1,3,0,0,0,train
normal_21-1_bk_04_015875,0,0,0,0,1,0,1,1,1,2,0,0,0,train
normal_21-1_sec_05_003779,0,0,0,0,1,0,0,1,0,1,0,0,0,validation
normal_21-1_bk_05_000891,0,0,0,1,0,0,0,0,0,1,0,0,0,train
normal_21-1_ins_05_900207,0,0,0,0,0,1,0,0,1,1,0,0,0,train
normal_21-1_bk_05_016380,1,0,0,1,0,0,0,1,0,2,1,0,0,validation
normal_21-1_bk_09_016095,1,0,0,1,0,0,0,1,0,2,1,0,0,train
normal_21-1_bk_08_019433,0,0,0,1,0,0,0,0,0,1,0,0,0,test
normal_21-1_ins_03_009883,0,0,0,0,1,1,0,2,1,2,0,1,0,train
normal_21-1_bk_07_014801,0,0,0,1,0,0,0,0,0,1,0,0,0,train
normal_21-1_sec_01_006592,0,0,0,0,1,1,1,2,4,6,0,1,0,test
normal_21-1_sec_05_004971,0,0,0,0,0,0,0,0,0,0,0,0,0,train
normal_21-1_ins_01_000134,0,0,0,0,0,0,0,0,0,0,0,0,0,train
normal_21-1_ins_04_018530,0,0,0,0,1,1,0,1,1,2,0,1,0,train
normal_21-1_bk_08_030627,0,0,0,1,0,0,0,0,0,1,0,0,0,train
normal_21-1_bk_03_029557,0,0,0,1,0,0,0,0,0,1,0,0,0,train
normal_21-1_bk_06_005592,0,0,0,1,0,0,0,0,0,1,0,0,0,train
normal_21-1_bk_06_013253,0,0,0,1,1,0,1,2,2,5,0,0,0,train
normal_21-1_bk_08_021878,0,0,0,1,1,1,1,1,2,4,0,1,0,train
normal_21-1_bk_04_003580,0,0,0,1,1,0,1,1,1,3,0,0,0,train
normal_21-1_sec_06_010175,0,0,0,0,1,0,1,1,1,2,0,0,0,train
normal_21-1_bk_04_004945,0,0,0,1,1,0,1,1,1,3,0,0,0,train
normal_21-1_sec_06_000420,0,0,0,0,1,1,1,1,2,3,0,1,0,train
normal_21-1_bk_08_019390,0,0,0,1,1,0,1,1,1,3,0,0,0,validation
normal_21-1_ins_03_018814,0,0,0,0,0,0,0,0,0,0,0,0,0,test
normal_21-1_ins_03_013884,0,0,0,0,0,0,0,0,0,0,0,0,0,validation
normal_21-1_bk_06_006415,0,0,0,1,1,1,1,2,2,5,0,1,0,validation
normal_21-1_bk_01_014751,0,0,0,1,1,0,1,1,1,3,0,0,0,test
normal_21-1_bk_06_029092,0,0,0,1,1,0,1,1,1,3,0,0,0,train
normal_21-1_bk_05_007320,0,0,0,1,1,1,0,1,1,3,0,1,0,train
normal_21-1_sec_07_012459,0,0,0,0,1,0,1,1,1,2,0,0,0,train
normal_21-1_ins_04_014016,0,0,0,0,0,0,0,0,0,0,0,0,0,train
normal_21-1_bk_08_019043,0,0,0,1,1,1,1,1,2,4,0,1,0,train
normal_21-1_bk_03_020293,0,0,0,1,0,0,0,0,0,1,0,0,0,train
normal_21-1_ins_05_013881,0,0,0,0,0,0,0,0,0,0,0,0,0,train
normal_21-1_sec_05_008472,0,0,0,0,0,0,0,0,0,0,0,0,0,train
normal_21-1_sec_07_003435,0,0,0,0,1,1,1,1,2,3,0,1,0,validation
normal_21-1_bk_05_009293,0,0,0,1,0,1,0,0,1,2,0,0,0,test
normal_21-1_sec_03_000623,0,0,0,0,1,0,0,1,0,1,0,0,0,train
normal_21-1_ins_04_004520,0,0,0,0,0,0,0,0,0,0,0,0,0,train
normal_21-1_bk_06_010675,0,0,0,1,0,0,0,1,0,2,0,0,0,train
normal_21-1_sec_03_009066,0,0,0,0,1,0,1,1,1,2,0,0,0,validation
normal_21-1_sec_05_007374,0,0,0,0,1,0,1,1,1,2,0,0,0,train
normal_21-1_bk_03_022557,0,0,0,1,1,0,1,1,1,3,0,0,0,test
normal_21-1_bk_08_014542,0,0,0,1,0,0,0,0,0,1,0,0,0,train
normal_21-1_bk_03_004541,0,0,0,1,0,0,0,0,0,1,0,0,0,train
normal_21-1_ins_04_010293,0,0,0,0,0,0,0,0,0,0,0,0,0,train
normal_21-1_bk_02_024375,0,0,0,1,0,0,0,0,0,1,0,0,0,train
normal_21-1_sec_07_014630,0,0,0,0,1,0,1,1,1,2,0,0,0,test
normal_21-1_sec_05_011884,1,0,0,0,1,1,0,2,1,3,0,1,0,test
normal_21-1_bk_03_032507,0,0,0,0,0,0,0,0,0,0,0,0,0,test
normal_21-1_sec_03_007890,0,0,0,0,1,0,1,1,1,2,0,0,0,validation
normal_21-1_sec_01_004103,0,0,0,0,0,0,0,1,1,2,0,0,0,validation
normal_21-1_sec_06_009465,0,0,0,0,1,0,1,1,1,2,0,0,0,validation
normal_21-1_bk_03_033125,0,0,0,1,0,0,0,0,0,1,0,0,0,train
normal_21-1_bk_09_031953,0,0,0,0,0,0,0,0,0,0,0,0,0,train
normal_21-1_bk_08_029467,0,0,0,1,0,0,0,0,0,1,0,0,0,train
normal_21-1_bk_08_026272,0,0,0,1,1,0,1,1,1,3,0,0,0,train
normal_21-1_sec_08_001280,0,0,0,0,0,0,0,0,0,0,0,0,0,train
normal_21-1_bk_08_025717,0,0,0,1,1,1,1,2,2,5,0,1,0,train
normal_21-1_ins_03_017124,0,0,0,0,1,0,0,2,0,1,0,0,0,train
normal_21-1_bk_09_009504,0,0,0,1,0,0,0,0,0,1,0,0,0,train
normal_21-1_sec_07_003679,0,0,0,0,0,0,0,0,0,0,0,0,0,test
normal_21-1_bk_08_023921,0,0,0,0,1,0,1,1,1,2,0,0,0,train
normal_21-1_bk_06_024411,0,0,0,1,1,0,1,2,2,5,0,0,0,train
normal_21-1_sec_05_008923,0,0,0,0,1,0,1,1,1,2,0,0,0,train
normal_21-1_ins_04_007533,0,0,0,0,1,1,0,2,1,2,0,1,0,test
normal_21-1_sec_08_006085,0,0,0,0,1,1,1,2,2,4,0,1,0,train
normal_21-1_bk_06_003192,0,0,0,1,1,0,1,2,1,4,0,0,0,train
normal_21-1_sec_01_009785,0,0,0,0,0,0,0,0,0,0,0,0,0,train
normal_21-1_sec_06_008765,0,0,0,0,1,0,1,1,1,2,0,0,0,train
normal_21-1_bk_06_000890,0,0,0,1,1,0,0,1,0,2,0,0,0,test
normal_21-1_ins_01_004227,0,0,0,0,1,1,0,1,1,2,0,1,0,validation
normal_21-1_bk_04_011105,0,0,0,1,0,0,0,0,0,1,0,0,0,train
normal_21-1_sec_01_004591,0,0,0,0,1,0,1,1,1,2,0,0,0,train
normal_21-1_bk_07_016943,0,0,0,0,0,0,0,1,0,0,0,0,0,train
normal_21-1_sec_01_002023,0,0,0,0,0,0,0,0,0,0,0,0,0,train
normal_21-1_bk_04_011610,0,0,0,0,1,0,1,1,1,2,0,0,0,validation
normal_21-1_bk_05_007174,1,0,0,1,1,0,1,2,1,4,1,0,0,train
normal_21-1_bk_04_016335,0,0,0,0,0,0,0,0,0,0,0,0,0,test
normal_21-1_bk_08_007391,0,0,0,0,0,0,0,0,0,0,0,0,0,train
normal_21-1_sec_03_012027,0,0,0,0,1,0,1,1,1,2,0,0,0,train
normal_21-1_bk_09_024205,0,0,0,1,0,0,0,0,0,1,0,0,0,train
normal_21-1_bk_05_025324,0,0,0,0,0,0,0,0,0,0,0,0,0,train
normal_21-1_ins_02_016212,0,0,0,0,1,1,0,1,1,2,0,1,0,train
normal_21-1_sec_06_900958,0,0,0,0,1,1,1,2,3,5,0,1,0,train
normal_21-1_sec_03_001623,0,0,0,0,1,0,1,1,1,2,0,0,0,train
normal_21-1_bk_06_022042,0,0,0,1,1,0,1,1,1,3,0,0,0,validation
normal_21-1_ins_02_012616,0,0,0,0,0,0,0,0,0,0,0,0,0,validation
normal_21-1_bk_07_009378,0,0,0,1,0,0,0,0,0,1,0,0,0,train
normal_21-1_sec_01_003760,0,0,0,0,0,0,0,0,0,0,0,0,0,train
normal_21-1_ins_02_005274,0,0,0,0,0,0,0,0,0,0,0,0,0,train
normal_21-1_bk_07_021772,0,0,0,1,0,0,0,0,0,1,0,0,0,test
normal_21-1_sec_05_008252,0,0,0,0,1,0,1,1,1,2,0,0,0,validation
normal_21-1_ins_03_904623,1,0,0,0,0,0,0,1,0,1,0,0,0,train
normal_21-1_ins_02_017334,0,0,0,0,0,0,0,0,0,0,0,0,0,validation
normal_21-1_sec_01_007973,0,0,0,0,1,0,1,1,2,3,0,0,0,test
normal_21-1_bk_08_027582,0,0,0,0,1,0,0,1,0,1,0,0,0,train
normal_21-1_bk_03_018059,0,0,0,1,1,0,1,1,1,3,0,0,0,train
normal_21-1_ins_03_902225,0,0,0,0,1,0,0,1,0,1,0,0,0,validation
normal_21-1_ins_03_905165,0,0,0,0,1,1,0,2,1,3,0,1,0,test
normal_21-1_ins_03_013258,0,1,0,0,0,0,0,1,0,1,0,0,0,train
normal_21-1_ins_03_017822,0,0,0,0,1,1,0,1,1,2,0,1,0,train
normal_21-1_bk_06_002787,0,0,0,1,1,0,1,2,1,4,0,0,0,test
normal_21-1_bk_08_015156,1,0,0,0,1,0,1,2,1,3,0,0,0,train
normal_21-1_bk_05_004354,0,0,0,1,0,0,0,0,0,1,0,0,0,test
normal_21-1_bk_06_001248,0,0,0,1,1,0,0,2,1,4,0,0,0,test
normal_21-1_bk_08_016706,0,0,0,0,1,0,1,1,1,2,0,0,0,train
normal_21-1_bk_05_001003,1,0,0,1,0,1,0,1,1,3,1,0,0,train
normal_21-1_ins_03_900230,0,0,0,0,0,0,0,0,0,0,0,0,0,test
normal_21-1_bk_05_013754,1,0,0,1,0,0,0,1,0,2,1,0,0,train
normal_21-1_bk_08_023002,0,0,0,1,0,0,0,1,1,3,0,0,0,train
normal_21-1_sec_01_005918,0,0,0,0,0,0,0,0,1,1,0,0,0,validation
normal_21-1_sec_06_012165,0,0,0,0,1,1,1,2,2,4,0,1,0,train
normal_21-1_bk_05_008160,0,0,0,0,1,0,1,1,1,2,0,0,0,train
normal_21-1_bk_08_027368,0,0,0,1,1,0,1,2,1,4,0,0,0,test
normal_21-1_bk_03_007200,0,0,0,1,0,0,0,0,0,1,0,0,0,train
normal_21-1_bk_01_017911,0,0,0,1,0,0,0,0,0,1,0,0,0,train
normal_21-1_sec_05_003046,0,0,0,0,0,0,0,0,0,0,0,0,0,train
normal_21-1_bk_09_020622,0,0,0,1,0,0,0,0,0,1,0,0,0,train
normal_21-1_sec_01_000799,0,0,0,0,1,0,1,1,1,2,0,0,0,train
normal_21-1_bk_08_012480,0,0,0,1,0,0,0,0,0,1,0,0,0,train
normal_21-1_ins_01_015864,0,0,0,0,0,0,0,0,0,0,0,0,0,train
normal_21-1_bk_07_024199,0,0,0,1,1,1,0,1,1,3,0,1,0,train
normal_21-1_sec_02_014329,0,0,0,0,1,0,1,2,1,3,0,0,0,train
normal_21-1_bk_03_029316,0,0,0,1,1,0,1,1,1,3,0,0,0,train
normal_21-1_bk_06_003610,0,0,0,1,1,1,1,1,2,4,0,1,0,train
normal_21-1_bk_08_002672,0,0,0,0,1,0,1,1,1,2,0,0,0,train
normal_21-1_ins_03_006546,0,0,0,0,1,0,0,1,1,2,0,0,0,train
normal_21-1_ins_03_001440,0,0,0,0,0,0,0,0,0,0,0,0,0,validation
normal_21-1_bk_09_014850,0,0,0,1,0,0,0,0,0,1,0,0,0,train
normal_21-1_bk_08_005219,0,0,0,0,1,0,1,1,2,3,0,0,0,validation
normal_21-1_sec_03_014029,0,0,0,0,1,0,1,1,1,2,0,0,0,train
normal_21-1_bk_01_011826,0,0,0,1,1,0,1,1,1,3,0,0,0,validation
normal_21-1_bk_06_010341,0,0,0,1,1,1,1,2,2,5,0,1,0,train
normal_21-1_bk_06_022708,0,0,0,1,1,0,1,1,1,3,0,0,0,train
normal_21-1_bk_03_024160,0,0,0,1,1,0,1,1,1,3,0,0,0,train
normal_21-1_sec_03_007860,0,0,0,0,1,0,1,2,1,3,0,0,0,train
normal_21-1_sec_01_002310,0,0,0,0,0,0,0,0,0,0,0,0,0,train
normal_21-1_bk_08_015882,0,0,0,1,1,1,1,2,2,5,0,1,0,test
normal_21-1_bk_08_011515,0,0,0,1,1,0,1,1,1,3,0,0,0,train
normal_21-1_ins_04_010614,0,0,0,0,0,0,0,0,0,0,0,0,0,train
normal_21-1_bk_07_009996,0,0,0,1,1,0,1,1,1,3,0,0,0,validation
normal_21-1_sec_01_013174,0,0,0,0,0,0,0,0,0,0,0,0,0,train
normal_21-1_ins_03_014545,0,0,0,0,1,1,0,2,1,3,0,1,0,test
normal_21-1_bk_06_027432,0,0,0,0,1,1,1,2,3,5,0,1,0,validation
normal_21-1_ins_03_900339,0,0,0,0,0,0,0,0,0,0,0,0,0,train
normal_21-1_ins_04_903031,0,0,0,0,1,1,0,2,1,3,0,1,0,train
normal_21-1_bk_08_021993,0,0,0,1,1,0,1,1,1,3,0,0,0,train
normal_21-1_ins_02_003731,0,0,0,0,0,0,0,0,0,0,0,0,0,test
normal_21-1_bk_08_002392,0,0,0,1,1,0,1,2,1,4,0,0,0,train
normal_21-1_ins_03_900872,0,0,0,0,0,0,0,0,0,0,0,0,0,test
normal_21-1_ins_03_001263,0,0,0,0,1,1,0,1,1,2,0,1,0,train
normal_21-1_ins_03_005614,0,0,0,0,0,0,0,0,0,0,0,0,0,train
normal_21-1_ins_03_008362,0,0,0,1,1,1,0,1,1,3,0,1,0,train
normal_21-1_sec_01_008426,0,0,0,0,0,0,0,0,0,0,0,0,0,test
normal_21-1_bk_02_032255,0,0,0,1,1,0,1,1,1,3,0,0,0,train
normal_21-1_bk_03_001523,0,0,0,0,1,0,1,1,2,3,0,0,0,train
normal_21-1_ins_03_009823,0,0,0,0,1,1,0,1,1,2,0,1,0,train
normal_21-1_ins_03_014972,0,0,0,0,0,0,0,2,0,1,0,0,0,train
normal_21-1_bk_01_018381,0,0,0,1,1,0,1,2,1,4,0,0,0,test
normal_21-1_sec_01_012861,0,0,0,0,1,0,1,1,1,2,0,0,0,train
normal_21-1_ins_03_908935,0,0,0,0,0,0,0,0,0,0,0,0,0,validation
normal_21-1_ins_03_008199,0,0,0,0,0,0,0,0,0,0,0,0,0,train
normal_21-1_ins_03_902684,0,0,0,0,1,0,0,1,0,1,0,0,0,test
normal_21-1_bk_08_008433,0,0,0,1,1,1,1,1,2,4,0,1,0,test
normal_21-1_bk_01_029392,0,0,0,1,1,1,1,1,2,4,0,1,0,validation
normal_21-1_ins_04_906128,0,1,0,1,1,1,0,2,1,4,0,1,0,train
normal_21-1_ins_02_001289,1,0,0,0,0,0,0,1,0,1,0,0,0,train
normal_21-1_ins_02_016688,0,0,0,0,0,0,0,0,0,0,0,0,0,train
normal_21-1_sec_06_002739,0,0,0,0,1,1,1,1,2,3,0,1,0,train
normal_21-1_bk_08_023111,0,0,0,1,1,0,1,1,1,3,0,0,0,train
normal_21-1_ins_05_010746,0,0,0,0,0,1,0,0,1,1,0,0,0,train
normal_21-1_ins_03_000167,0,0,0,0,0,0,0,0,0,0,0,0,0,train
normal_21-1_ins_04_008424,0,0,0,0,1,0,0,1,0,1,0,0,0,train
normal_21-1_ins_03_018465,0,0,0,0,1,0,0,1,0,1,0,0,0,validation
normal_21-1_bk_07_030314,0,0,0,0,1,0,1,1,1,2,0,0,0,train
normal_21-1_ins_01_017502,0,1,0,0,1,0,0,2,0,2,0,0,0,validation
normal_21-1_ins_04_011956,0,0,0,1,0,0,0,1,0,1,0,0,0,train
normal_21-1_ins_03_000847,0,0,0,0,0,0,0,0,0,0,0,0,0,validation
normal_21-1_bk_06_024865,0,0,0,1,1,0,1,2,1,4,0,0,0,test
normal_21-1_bk_08_024014,0,0,0,1,1,1,0,2,1,4,0,1,0,train
normal_21-1_bk_02_028892,0,0,0,1,0,0,0,0,0,1,0,0,0,train
normal_21-1_ins_01_016900,0,0,0,0,0,0,0,0,0,0,0,0,0,test
normal_21-1_ins_04_904452,0,0,0,0,0,0,0,0,0,0,0,0,0,test
normal_21-1_sec_01_006779,0,0,0,0,1,0,1,2,1,3,0,0,0,test
normal_21-1_sec_07_014341,0,0,0,0,1,1,1,1,2,3,0,1,0,train
normal_21-1_bk_06_023052,0,0,0,1,1,1,1,1,2,4,0,1,0,train
normal_21-1_sec_02_000197,0,0,0,0,1,0,1,2,2,4,0,0,0,train
normal_21-1_bk_08_015586,0,0,0,0,1,0,1,2,1,3,0,0,0,train
normal_21-1_bk_01_022058,0,0,0,0,1,0,1,1,1,2,0,0,0,train
normal_21-1_ins_04_009847,0,0,0,0,1,1,0,2,1,2,0,1,0,train
normal_21-1_ins_04_007305,0,0,0,0,1,0,0,2,0,2,0,0,0,train
normal_21-1_bk_06_026891,0,0,0,0,1,0,1,1,1,2,0,0,0,train
normal_21-1_bk_06_017977,0,0,0,1,1,0,1,1,1,3,0,0,0,train
normal_21-1_ins_04_008765,0,0,0,0,0,0,0,0,0,0,0,0,0,test
normal_21-1_bk_05_013374,0,0,0,1,0,0,0,0,0,1,0,0,0,train
normal_21-1_sec_05_005343,0,0,0,0,1,1,0,2,1,3,0,1,0,train
normal_21-1_ins_01_011631,0,0,0,0,0,0,0,0,0,0,0,0,0,train
normal_21-1_sec_01_003484,0,0,0,0,1,1,0,1,1,2,0,1,0,train
normal_21-1_bk_08_022780,0,0,0,0,0,0,0,0,0,0,0,0,0,validation
normal_21-1_ins_04_009077,0,0,0,0,1,1,0,1,1,2,0,1,0,train
normal_21-1_bk_03_009209,0,0,0,1,1,1,0,1,1,3,0,1,0,validation
normal_21-1_ins_01_007055,1,0,1,0,0,0,0,1,0,2,1,0,0,train
normal_21-1_ins_03_014135,0,0,0,0,1,1,0,1,1,2,0,1,0,train
normal_21-1_bk_06_031780,0,0,0,0,1,1,1,1,2,3,0,1,0,train
normal_21-1_ins_02_016490,1,0,0,0,0,0,0,1,0,1,0,0,0,train
normal_21-1_ins_02_010730,0,0,0,0,0,0,0,0,0,0,0,0,0,train
normal_21-1_ins_01_017270,1,0,0,0,0,0,0,1,0,1,0,0,0,validation
normal_21-1_bk_06_005707,0,0,0,1,1,0,1,3,2,6,0,0,0,train
normal_21-1_ins_04_008016,0,0,0,0,0,0,0,0,0,1,0,0,0,train
normal_21-1_ins_04_008067,0,0,0,0,0,0,0,0,0,0,0,0,0,validation
normal_21-1_ins_02_000095,0,1,0,0,0,0,0,2,1,3,0,0,0,train
normal_21-1_bk_01_005083,0,1,0,1,1,0,1,2,1,4,0,0,0,train
normal_21-1_bk_05_031046,0,0,0,0,1,0,1,1,1,2,0,0,0,train
normal_21-1_ins_04_004134,0,0,0,0,0,0,0,0,0,0,0,0,0,test
normal_21-1_sec_03_000694,0,0,0,0,1,1,0,2,2,4,0,1,0,validation
normal_21-1_sec_01_013682,0,0,0,0,0,0,0,0,0,0,0,0,0,validation
