심리전략,요구행동,심리전략_사건수,동반사건수,P(행동|전략)_pct,Lift
AUTHORITY_TRUST,WITHDRAW_CASH,455,72,15.824175824175823,1.3347348303870044
AUTHORITY_TRUST,TRANSFER_MONEY,455,49,10.76923076923077,1.4408488063660478
AUTHORITY_TRUST,DISCLOSE_ACCOUNT,455,42,9.230769230769232,1.627972027972028
AUTHORITY_TRUST,DISCLOSE_ID_NUMBER,455,27,5.934065934065933,1.4390109890109888
AUTHORITY_TRUST,REPAY_LOAN,455,20,4.395604395604396,1.100319035802907
AUTHORITY_TRUST,DISCLOSE_CARD,455,24,5.274725274725275,1.6372747252747255
AUTHORITY_TRUST,PAY_FEE,455,17,3.7362637362637363,1.208058608058608
AUTHORITY_TRUST,AVOID_OUTSIDE_CONTACT,455,21,4.615384615384616,1.4923076923076923
AUTHORITY_TRUST,DISCLOSE_PASSWORD,455,17,3.7362637362637363,1.4496703296703297
AUTHORITY_TRUST,VISIT_BANK,455,16,3.5164835164835164,1.7054945054945054
AUTHORITY_TRUST,KEEP_CALL_CONNECTED,455,11,2.417582417582418,1.443110735418428
AUTHORITY_TRUST,DISCLOSE_OTP,455,10,2.197802197802198,1.5504495504495506
URGENCY_TIME_PRESSURE,WITHDRAW_CASH,448,77,17.1875,1.4497282608695652
URGENCY_TIME_PRESSURE,TRANSFER_MONEY,448,52,11.607142857142858,1.5529556650246306
URGENCY_TIME_PRESSURE,DISCLOSE_ACCOUNT,448,40,8.928571428571429,1.5746753246753247
URGENCY_TIME_PRESSURE,DISCLOSE_ID_NUMBER,448,26,5.803571428571429,1.4073660714285714
URGENCY_TIME_PRESSURE,REPAY_LOAN,448,29,6.4732142857142865,1.6203917050691248
URGENCY_TIME_PRESSURE,DISCLOSE_CARD,448,23,5.133928571428571,1.5935714285714286
URGENCY_TIME_PRESSURE,PAY_FEE,448,20,4.464285714285714,1.443452380952381
URGENCY_TIME_PRESSURE,AVOID_OUTSIDE_CONTACT,448,21,4.6875,1.515625
URGENCY_TIME_PRESSURE,DISCLOSE_PASSWORD,448,17,3.7946428571428568,1.4723214285714286
URGENCY_TIME_PRESSURE,VISIT_BANK,448,15,3.3482142857142856,1.6238839285714286
URGENCY_TIME_PRESSURE,KEEP_CALL_CONNECTED,448,13,2.9017857142857144,1.7321428571428572
URGENCY_TIME_PRESSURE,DISCLOSE_OTP,448,10,2.232142857142857,1.5746753246753247
FEAR_THREAT,WITHDRAW_CASH,294,39,13.26530612244898,1.1188997338065663
FEAR_THREAT,TRANSFER_MONEY,294,20,6.802721088435375,0.9101571663148019
FEAR_THREAT,DISCLOSE_ACCOUNT,294,23,7.8231292517006805,1.3797155225726656
FEAR_THREAT,DISCLOSE_ID_NUMBER,294,13,4.421768707482993,1.0722789115646258
FEAR_THREAT,REPAY_LOAN,294,5,1.7006802721088436,0.4257186745666009
FEAR_THREAT,DISCLOSE_CARD,294,23,7.8231292517006805,2.4282993197278917
FEAR_THREAT,PAY_FEE,294,4,1.3605442176870748,0.43990929705215415
FEAR_THREAT,AVOID_OUTSIDE_CONTACT,294,9,3.061224489795918,0.9897959183673469
FEAR_THREAT,DISCLOSE_PASSWORD,294,9,3.061224489795918,1.1877551020408164
FEAR_THREAT,VISIT_BANK,294,10,3.4013605442176873,1.6496598639455784
FEAR_THREAT,KEEP_CALL_CONNECTED,294,8,2.7210884353741496,1.6242804814233385
FEAR_THREAT,DISCLOSE_OTP,294,7,2.380952380952381,1.6796536796536796
MONEY_REQUEST,WITHDRAW_CASH,280,75,26.785714285714285,2.2593167701863353
MONEY_REQUEST,TRANSFER_MONEY,280,58,20.714285714285715,2.771428571428572
MONEY_REQUEST,DISCLOSE_ACCOUNT,280,26,9.285714285714286,1.6376623376623378
MONEY_REQUEST,DISCLOSE_ID_NUMBER,280,22,7.857142857142857,1.9053571428571427
MONEY_REQUEST,REPAY_LOAN,280,31,11.071428571428571,2.7714285714285714
MONEY_REQUEST,DISCLOSE_CARD,280,8,2.857142857142857,0.8868571428571429
MONEY_REQUEST,PAY_FEE,280,24,8.571428571428571,2.7714285714285714
MONEY_REQUEST,AVOID_OUTSIDE_CONTACT,280,12,4.285714285714286,1.3857142857142857
MONEY_REQUEST,DISCLOSE_PASSWORD,280,9,3.214285714285714,1.247142857142857
MONEY_REQUEST,VISIT_BANK,280,12,4.285714285714286,2.0785714285714287
MONEY_REQUEST,KEEP_CALL_CONNECTED,280,8,2.857142857142857,1.7054945054945054
MONEY_REQUEST,DISCLOSE_OTP,280,6,2.142857142857143,1.5116883116883117
LEGITIMACY_BUILDING,WITHDRAW_CASH,152,23,15.131578947368421,1.2763157894736843
LEGITIMACY_BUILDING,TRANSFER_MONEY,152,15,9.868421052631579,1.3203266787658803
LEGITIMACY_BUILDING,DISCLOSE_ACCOUNT,152,19,12.5,2.2045454545454546
LEGITIMACY_BUILDING,DISCLOSE_ID_NUMBER,152,13,8.552631578947368,2.0740131578947367
LEGITIMACY_BUILDING,REPAY_LOAN,152,8,5.263157894736842,1.3174872665534805
LEGITIMACY_BUILDING,DISCLOSE_CARD,152,14,9.210526315789473,2.858947368421053
LEGITIMACY_BUILDING,PAY_FEE,152,8,5.263157894736842,1.701754385964912
LEGITIMACY_BUILDING,AVOID_OUTSIDE_CONTACT,152,6,3.9473684210526314,1.276315789473684
LEGITIMACY_BUILDING,DISCLOSE_PASSWORD,152,6,3.9473684210526314,1.5315789473684212
LEGITIMACY_BUILDING,VISIT_BANK,152,3,1.9736842105263157,0.9572368421052632
LEGITIMACY_BUILDING,KEEP_CALL_CONNECTED,152,9,5.921052631578947,3.5344129554655868
LEGITIMACY_BUILDING,DISCLOSE_OTP,152,4,2.631578947368421,1.8564593301435406
INFORMATION_EXTRACTION,WITHDRAW_CASH,128,23,17.96875,1.515625
INFORMATION_EXTRACTION,TRANSFER_MONEY,128,14,10.9375,1.4633620689655173
INFORMATION_EXTRACTION,DISCLOSE_ACCOUNT,128,44,34.375,6.0625
INFORMATION_EXTRACTION,DISCLOSE_ID_NUMBER,128,32,25.0,6.0625
INFORMATION_EXTRACTION,REPAY_LOAN,128,3,2.34375,0.5866935483870969
INFORMATION_EXTRACTION,DISCLOSE_CARD,128,8,6.25,1.9400000000000002
INFORMATION_EXTRACTION,PAY_FEE,128,3,2.34375,0.7578125
INFORMATION_EXTRACTION,AVOID_OUTSIDE_CONTACT,128,20,15.625,5.052083333333333
INFORMATION_EXTRACTION,DISCLOSE_PASSWORD,128,20,15.625,6.0625
INFORMATION_EXTRACTION,VISIT_BANK,128,8,6.25,3.03125
INFORMATION_EXTRACTION,KEEP_CALL_CONNECTED,128,3,2.34375,1.3990384615384617
INFORMATION_EXTRACTION,DISCLOSE_OTP,128,4,3.125,2.2045454545454546
BENEFIT_PROMISE,WITHDRAW_CASH,92,26,28.26086956521739,2.383742911153119
BENEFIT_PROMISE,TRANSFER_MONEY,92,18,19.565217391304348,2.617691154422789
BENEFIT_PROMISE,DISCLOSE_ACCOUNT,92,6,6.521739130434782,1.150197628458498
BENEFIT_PROMISE,DISCLOSE_ID_NUMBER,92,9,9.782608695652174,2.3722826086956523
BENEFIT_PROMISE,REPAY_LOAN,92,14,15.217391304347828,3.8092566619915855
BENEFIT_PROMISE,DISCLOSE_CARD,92,1,1.0869565217391304,0.3373913043478261
BENEFIT_PROMISE,PAY_FEE,92,9,9.782608695652174,3.1630434782608696
BENEFIT_PROMISE,AVOID_OUTSIDE_CONTACT,92,4,4.3478260869565215,1.4057971014492752
BENEFIT_PROMISE,DISCLOSE_PASSWORD,92,2,2.1739130434782608,0.8434782608695652
BENEFIT_PROMISE,VISIT_BANK,92,1,1.0869565217391304,0.5271739130434783
BENEFIT_PROMISE,KEEP_CALL_CONNECTED,92,1,1.0869565217391304,0.6488294314381271
BENEFIT_PROMISE,DISCLOSE_OTP,92,2,2.1739130434782608,1.533596837944664
RESISTANCE_HANDLING,WITHDRAW_CASH,44,11,25.0,2.108695652173913
RESISTANCE_HANDLING,TRANSFER_MONEY,44,9,20.454545454545457,2.736677115987461
RESISTANCE_HANDLING,DISCLOSE_ACCOUNT,44,5,11.363636363636363,2.0041322314049586
RESISTANCE_HANDLING,DISCLOSE_ID_NUMBER,44,1,2.272727272727273,0.5511363636363636
RESISTANCE_HANDLING,REPAY_LOAN,44,5,11.363636363636363,2.844574780058651
RESISTANCE_HANDLING,DISCLOSE_CARD,44,5,11.363636363636363,3.5272727272727273
RESISTANCE_HANDLING,PAY_FEE,44,2,4.545454545454546,1.4696969696969697
RESISTANCE_HANDLING,AVOID_OUTSIDE_CONTACT,44,2,4.545454545454546,1.4696969696969697
RESISTANCE_HANDLING,DISCLOSE_PASSWORD,44,2,4.545454545454546,1.7636363636363637
RESISTANCE_HANDLING,VISIT_BANK,44,1,2.272727272727273,1.1022727272727273
RESISTANCE_HANDLING,KEEP_CALL_CONNECTED,44,3,6.8181818181818175,4.06993006993007
RESISTANCE_HANDLING,DISCLOSE_OTP,44,3,6.8181818181818175,4.8099173553719
ISOLATION_SECRECY,WITHDRAW_CASH,29,9,31.03448275862069,2.617691154422789
ISOLATION_SECRECY,TRANSFER_MONEY,29,4,13.793103448275861,1.845422116527943
ISOLATION_SECRECY,DISCLOSE_ACCOUNT,29,16,55.172413793103445,9.730407523510971
ISOLATION_SECRECY,DISCLOSE_ID_NUMBER,29,6,20.689655172413794,5.017241379310345
ISOLATION_SECRECY,REPAY_LOAN,29,1,3.4482758620689653,0.8631813125695218
ISOLATION_SECRECY,DISCLOSE_CARD,29,1,3.4482758620689653,1.070344827586207
ISOLATION_SECRECY,PAY_FEE,29,0,0.0,0.0
ISOLATION_SECRECY,AVOID_OUTSIDE_CONTACT,29,24,82.75862068965517,26.75862068965517
ISOLATION_SECRECY,DISCLOSE_PASSWORD,29,19,65.51724137931035,25.420689655172417
ISOLATION_SECRECY,VISIT_BANK,29,0,0.0,0.0
ISOLATION_SECRECY,KEEP_CALL_CONNECTED,29,1,3.4482758620689653,2.0583554376657824
ISOLATION_SECRECY,DISCLOSE_OTP,29,1,3.4482758620689653,2.4326018808777428
BEHAVIOR_CONTROL,WITHDRAW_CASH,14,2,14.285714285714285,1.204968944099379
BEHAVIOR_CONTROL,TRANSFER_MONEY,14,2,14.285714285714285,1.9113300492610836
BEHAVIOR_CONTROL,DISCLOSE_ACCOUNT,14,1,7.142857142857142,1.2597402597402596
BEHAVIOR_CONTROL,DISCLOSE_ID_NUMBER,14,0,0.0,0.0
BEHAVIOR_CONTROL,REPAY_LOAN,14,2,14.285714285714285,3.576036866359447
BEHAVIOR_CONTROL,DISCLOSE_CARD,14,1,7.142857142857142,2.217142857142857
BEHAVIOR_CONTROL,PAY_FEE,14,0,0.0,0.0
BEHAVIOR_CONTROL,AVOID_OUTSIDE_CONTACT,14,0,0.0,0.0
BEHAVIOR_CONTROL,DISCLOSE_PASSWORD,14,0,0.0,0.0
BEHAVIOR_CONTROL,VISIT_BANK,14,2,14.285714285714285,6.928571428571428
BEHAVIOR_CONTROL,KEEP_CALL_CONNECTED,14,3,21.428571428571427,12.79120879120879
BEHAVIOR_CONTROL,DISCLOSE_OTP,14,1,7.142857142857142,5.038961038961038
