case_id,first_signal_turn,first_risk_turn,lead_turns,신호
vp_130780_case_001,30.0,33,3.0,사칭
vp_130783_case_001,9.0,11,2.0,사칭
vp_130784_case_001,9.0,26,17.0,사칭
vp_18245_case_001,2.0,16,14.0,사칭
vp_18247_case_001,2.0,26,24.0,사칭
vp_18252_case_002,9.0,11,2.0,사칭
vp_18261_case_001,3.0,5,2.0,사칭
vp_18265_case_001,5.0,28,23.0,사칭
vp_18270_case_001,1.0,17,16.0,사칭
vp_18270_case_002,1.0,19,18.0,사칭
vp_18274_case_001,2.0,27,25.0,사칭
vp_18275_case_003,6.0,37,31.0,사칭
vp_18280_case_002,2.0,3,1.0,사칭
vp_18282_case_003,24.0,40,16.0,사칭
vp_18284_case_001,6.0,23,17.0,사칭
vp_18284_case_002,21.0,23,2.0,사칭
vp_18286_case_001,12.0,13,1.0,사칭
vp_18287_case_001,7.0,30,23.0,사칭
vp_18293_case_001,6.0,7,1.0,사칭
vp_18294_case_002,6.0,16,10.0,사칭
vp_18295_case_002,17.0,45,28.0,사칭
vp_18297_case_002,4.0,14,10.0,사칭
vp_18302_case_001,3.0,21,18.0,사칭
vp_18305_case_003,1.0,6,5.0,사칭
vp_18309_case_001,5.0,15,10.0,사칭
vp_18311_case_001,2.0,41,39.0,사칭
vp_18315_case_001,21.0,32,11.0,사칭
vp_18320_case_001,1.0,2,1.0,사칭
vp_217131_case_002,4.0,16,12.0,사칭
vp_217132_case_001,14.0,58,44.0,사칭
vp_36337_case_001,1.0,12,11.0,사칭
vp_36339_case_005,2.0,13,11.0,사칭
vp_36343_case_001,9.0,42,33.0,사칭
vp_36344_case_001,2.0,21,19.0,사칭
vp_36345_case_001,1.0,71,70.0,사칭
vp_36348_case_001,2.0,14,12.0,사칭
vp_36354_case_001,7.0,21,14.0,사칭
vp_36364_case_001,1.0,3,2.0,사칭
vp_36365_case_002,4.0,18,14.0,사칭
vp_36368_case_001,5.0,89,84.0,사칭
vp_36368_case_002,7.0,65,58.0,사칭
vp_36369_case_001,8.0,49,41.0,사칭
vp_36369_case_002,5.0,18,13.0,사칭
vp_36369_case_006,27.0,37,10.0,사칭
vp_36371_case_002,14.0,21,7.0,사칭
vp_36372_case_001,10.0,33,23.0,사칭
vp_36375_case_002,16.0,26,10.0,사칭
vp_36377_case_001,1.0,43,42.0,사칭
vp_36377_case_005,27.0,46,19.0,사칭
vp_36377_case_007,1.0,16,15.0,사칭
vp_36379_case_001,5.0,11,6.0,사칭
vp_36380_case_001,3.0,37,34.0,사칭
vp_36381_case_001,5.0,68,63.0,사칭
vp_36381_case_003,2.0,6,4.0,사칭
vp_36382_case_001,3.0,5,2.0,사칭
vp_36385_case_001,4.0,26,22.0,사칭
vp_36385_case_003,11.0,22,11.0,사칭
vp_36385_case_004,24.0,87,63.0,사칭
vp_36385_case_005,23.0,94,71.0,사칭
vp_36388_case_001,12.0,31,19.0,사칭
vp_36390_case_002,25.0,64,39.0,사칭
vp_36392_case_001,4.0,7,3.0,사칭
vp_36396_case_001,14.0,58,44.0,사칭
vp_36402_case_001,16.0,28,12.0,사칭
vp_36403_case_001,5.0,24,19.0,사칭
vp_36405_case_001,31.0,165,134.0,사칭
vp_36406_case_001,2.0,15,13.0,사칭
vp_36413_case_001,5.0,192,187.0,사칭
vp_36416_case_001,12.0,52,40.0,사칭
vp_36416_case_002,5.0,16,11.0,사칭
vp_36429_case_001,1.0,9,8.0,사칭
vp_36463_case_003,10.0,49,39.0,사칭
vp_36467_case_001,3.0,10,7.0,사칭
vp_36492_case_001,3.0,20,17.0,사칭
vp_36506_case_002,28.0,50,22.0,사칭
vp_36506_case_003,33.0,51,18.0,사칭
vp_36515_case_001,4.0,6,2.0,사칭
vp_36519_case_001,5.0,8,3.0,사칭
vp_36522_case_001,4.0,13,9.0,사칭
vp_36524_case_001,5.0,13,8.0,사칭
vp_36527_case_001,1.0,6,5.0,사칭
vp_36536_case_001,7.0,12,5.0,사칭
vp_36539_case_001,1.0,14,13.0,사칭
vp_36579_case_001,5.0,15,10.0,사칭
vp_36584_case_002,18.0,38,20.0,사칭
vp_36591_case_001,1.0,11,10.0,사칭
vp_36592_case_001,6.0,11,5.0,사칭
vp_36595_case_001,1.0,8,7.0,사칭
vp_36596_case_001,6.0,22,16.0,사칭
vp_36600_case_001,1.0,8,7.0,사칭
vp_36602_case_001,33.0,39,6.0,사칭
vp_36602_case_002,7.0,62,55.0,사칭
vp_36602_case_004,26.0,40,14.0,사칭
vp_36603_case_001,2.0,49,47.0,사칭
vp_36610_case_003,1.0,8,7.0,사칭
vp_36613_case_002,52.0,67,15.0,사칭
vp_36614_case_001,1.0,8,7.0,사칭
vp_36626_case_001,7.0,13,6.0,사칭
vp_36627_case_001,1.0,6,5.0,사칭
vp_36630_case_001,2.0,13,11.0,사칭
vp_36633_case_001,7.0,58,51.0,사칭
vp_36644_case_001,3.0,148,145.0,사칭
vp_36645_case_001,1.0,13,12.0,사칭
vp_36648_case_001,6.0,13,7.0,사칭
vp_36649_case_001,3.0,51,48.0,사칭
vp_36651_case_002,22.0,65,43.0,사칭
vp_36659_case_005,3.0,67,64.0,사칭
vp_36661_case_001,29.0,38,9.0,사칭
vp_36674_case_001,25.0,52,27.0,사칭
vp_36676_case_001,25.0,49,24.0,사칭
vp_36684_case_001,3.0,35,32.0,사칭
vp_36688_case_001,19.0,186,167.0,사칭
vp_36690_case_001,6.0,7,1.0,사칭
vp_36694_case_001,8.0,14,6.0,사칭
vp_36695_case_001,1.0,8,7.0,사칭
vp_36701_case_001,4.0,26,22.0,사칭
vp_36704_case_001,1.0,24,23.0,사칭
vp_36705_case_001,10.0,15,5.0,사칭
vp_36707_case_001,10.0,58,48.0,사칭
vp_36709_case_001,1.0,78,77.0,사칭
vp_36709_case_002,14.0,40,26.0,사칭
vp_36709_case_003,4.0,25,21.0,사칭
vp_36710_case_001,2.0,31,29.0,사칭
vp_36715_case_001,11.0,12,1.0,사칭
vp_36719_case_001,13.0,36,23.0,사칭
vp_36728_case_001,2.0,9,7.0,사칭
vp_36730_case_001,1.0,50,49.0,사칭
vp_36735_case_001,26.0,41,15.0,사칭
vp_36735_case_005,13.0,44,31.0,사칭
vp_36738_case_001,14.0,38,24.0,사칭
vp_36742_case_001,1.0,2,1.0,사칭
vp_36744_case_001,1.0,2,1.0,사칭
vp_130780_case_001,3.0,33,30.0,권위·신뢰
vp_130783_case_001,9.0,11,2.0,권위·신뢰
vp_130784_case_001,9.0,26,17.0,권위·신뢰
vp_18245_case_001,2.0,16,14.0,권위·신뢰
vp_18247_case_001,2.0,26,24.0,권위·신뢰
vp_18252_case_002,9.0,11,2.0,권위·신뢰
vp_18265_case_001,5.0,28,23.0,권위·신뢰
vp_18270_case_001,1.0,17,16.0,권위·신뢰
vp_18274_case_001,4.0,27,23.0,권위·신뢰
vp_18275_case_003,6.0,37,31.0,권위·신뢰
vp_18280_case_002,2.0,3,1.0,권위·신뢰
vp_18282_case_003,29.0,40,11.0,권위·신뢰
vp_18284_case_001,6.0,23,17.0,권위·신뢰
vp_18284_case_002,21.0,23,2.0,권위·신뢰
vp_18286_case_001,12.0,13,1.0,권위·신뢰
vp_18287_case_001,7.0,30,23.0,권위·신뢰
vp_18287_case_002,1.0,7,6.0,권위·신뢰
vp_18294_case_002,6.0,16,10.0,권위·신뢰
vp_18295_case_002,17.0,45,28.0,권위·신뢰
vp_18297_case_002,5.0,14,9.0,권위·신뢰
vp_18302_case_001,5.0,21,16.0,권위·신뢰
vp_18305_case_003,1.0,6,5.0,권위·신뢰
vp_18309_case_001,5.0,15,10.0,권위·신뢰
vp_18311_case_001,2.0,41,39.0,권위·신뢰
vp_18315_case_001,21.0,32,11.0,권위·신뢰
vp_18320_case_001,1.0,2,1.0,권위·신뢰
vp_217131_case_002,4.0,16,12.0,권위·신뢰
vp_217132_case_001,14.0,58,44.0,권위·신뢰
vp_36337_case_001,1.0,12,11.0,권위·신뢰
vp_36339_case_005,2.0,13,11.0,권위·신뢰
vp_36343_case_001,9.0,42,33.0,권위·신뢰
vp_36345_case_001,1.0,71,70.0,권위·신뢰
vp_36348_case_001,2.0,14,12.0,권위·신뢰
vp_36354_case_001,7.0,21,14.0,권위·신뢰
vp_36364_case_001,1.0,3,2.0,권위·신뢰
vp_36365_case_002,4.0,18,14.0,권위·신뢰
vp_36368_case_001,6.0,89,83.0,권위·신뢰
vp_36368_case_002,7.0,65,58.0,권위·신뢰
vp_36369_case_001,8.0,49,41.0,권위·신뢰
vp_36369_case_002,5.0,18,13.0,권위·신뢰
vp_36371_case_002,9.0,21,12.0,권위·신뢰
vp_36372_case_001,10.0,33,23.0,권위·신뢰
vp_36375_case_002,16.0,26,10.0,권위·신뢰
vp_36377_case_001,1.0,43,42.0,권위·신뢰
vp_36377_case_005,27.0,46,19.0,권위·신뢰
vp_36377_case_007,1.0,16,15.0,권위·신뢰
vp_36380_case_001,6.0,37,31.0,권위·신뢰
vp_36381_case_001,5.0,68,63.0,권위·신뢰
vp_36382_case_001,3.0,5,2.0,권위·신뢰
vp_36385_case_001,4.0,26,22.0,권위·신뢰
vp_36385_case_003,13.0,22,9.0,권위·신뢰
vp_36385_case_004,24.0,87,63.0,권위·신뢰
vp_36385_case_005,23.0,94,71.0,권위·신뢰
vp_36388_case_001,12.0,31,19.0,권위·신뢰
vp_36390_case_002,25.0,64,39.0,권위·신뢰
vp_36392_case_001,4.0,7,3.0,권위·신뢰
vp_36396_case_001,15.0,58,43.0,권위·신뢰
vp_36402_case_001,16.0,28,12.0,권위·신뢰
vp_36403_case_001,5.0,24,19.0,권위·신뢰
vp_36405_case_001,31.0,165,134.0,권위·신뢰
vp_36406_case_001,2.0,15,13.0,권위·신뢰
vp_36413_case_001,5.0,192,187.0,권위·신뢰
vp_36416_case_001,12.0,52,40.0,권위·신뢰
vp_36416_case_002,5.0,16,11.0,권위·신뢰
vp_36463_case_003,10.0,49,39.0,권위·신뢰
vp_36467_case_001,3.0,10,7.0,권위·신뢰
vp_36492_case_001,3.0,20,17.0,권위·신뢰
vp_36506_case_002,23.0,50,27.0,권위·신뢰
vp_36519_case_001,5.0,8,3.0,권위·신뢰
vp_36522_case_001,4.0,13,9.0,권위·신뢰
vp_36524_case_001,5.0,13,8.0,권위·신뢰
vp_36527_case_001,1.0,6,5.0,권위·신뢰
vp_36536_case_001,7.0,12,5.0,권위·신뢰
vp_36539_case_001,1.0,14,13.0,권위·신뢰
vp_36578_case_001,3.0,38,35.0,권위·신뢰
vp_36579_case_001,9.0,15,6.0,권위·신뢰
vp_36584_case_002,18.0,38,20.0,권위·신뢰
vp_36591_case_001,1.0,11,10.0,권위·신뢰
vp_36592_case_001,6.0,11,5.0,권위·신뢰
vp_36593_case_002,4.0,11,7.0,권위·신뢰
vp_36596_case_001,15.0,22,7.0,권위·신뢰
vp_36600_case_001,1.0,8,7.0,권위·신뢰
vp_36602_case_001,33.0,39,6.0,권위·신뢰
vp_36602_case_002,7.0,62,55.0,권위·신뢰
vp_36602_case_004,26.0,40,14.0,권위·신뢰
vp_36613_case_002,59.0,67,8.0,권위·신뢰
vp_36614_case_001,1.0,8,7.0,권위·신뢰
vp_36626_case_001,7.0,13,6.0,권위·신뢰
vp_36627_case_001,1.0,6,5.0,권위·신뢰
vp_36633_case_001,7.0,58,51.0,권위·신뢰
vp_36641_case_001,10.0,103,93.0,권위·신뢰
vp_36644_case_001,3.0,148,145.0,권위·신뢰
vp_36645_case_001,1.0,13,12.0,권위·신뢰
vp_36646_case_001,1.0,3,2.0,권위·신뢰
vp_36649_case_001,3.0,51,48.0,권위·신뢰
vp_36651_case_002,22.0,65,43.0,권위·신뢰
vp_36659_case_005,54.0,67,13.0,권위·신뢰
vp_36660_case_001,3.0,26,23.0,권위·신뢰
vp_36661_case_001,29.0,38,9.0,권위·신뢰
vp_36674_case_001,25.0,52,27.0,권위·신뢰
vp_36676_case_001,25.0,49,24.0,권위·신뢰
vp_36684_case_001,3.0,35,32.0,권위·신뢰
vp_36688_case_001,19.0,186,167.0,권위·신뢰
vp_36690_case_001,6.0,7,1.0,권위·신뢰
vp_36694_case_001,8.0,14,6.0,권위·신뢰
vp_36701_case_001,4.0,26,22.0,권위·신뢰
vp_36704_case_001,18.0,24,6.0,권위·신뢰
vp_36705_case_001,10.0,15,5.0,권위·신뢰
vp_36707_case_001,17.0,58,41.0,권위·신뢰
vp_36709_case_001,1.0,78,77.0,권위·신뢰
vp_36709_case_002,14.0,40,26.0,권위·신뢰
vp_36709_case_003,4.0,25,21.0,권위·신뢰
vp_36710_case_001,2.0,31,29.0,권위·신뢰
vp_36715_case_001,11.0,12,1.0,권위·신뢰
vp_36719_case_001,13.0,36,23.0,권위·신뢰
vp_36728_case_001,2.0,9,7.0,권위·신뢰
vp_36730_case_001,1.0,50,49.0,권위·신뢰
vp_36735_case_001,26.0,41,15.0,권위·신뢰
vp_36742_case_001,1.0,2,1.0,권위·신뢰
vp_36744_case_001,1.0,2,1.0,권위·신뢰
vp_130780_case_001,4.0,33,29.0,긴급성·시간압박
vp_130784_case_001,6.0,26,20.0,긴급성·시간압박
vp_18262_case_001,11.0,41,30.0,긴급성·시간압박
vp_18265_case_001,8.0,28,20.0,긴급성·시간압박
vp_18267_case_001,1.0,8,7.0,긴급성·시간압박
vp_18270_case_001,5.0,17,12.0,긴급성·시간압박
vp_18270_case_002,5.0,19,14.0,긴급성·시간압박
vp_18274_case_001,10.0,27,17.0,긴급성·시간압박
vp_18275_case_003,8.0,37,29.0,긴급성·시간압박
vp_18282_case_003,14.0,40,26.0,긴급성·시간압박
vp_18284_case_002,1.0,23,22.0,긴급성·시간압박
vp_18287_case_001,11.0,30,19.0,긴급성·시간압박
vp_18295_case_002,17.0,45,28.0,긴급성·시간압박
vp_18297_case_002,13.0,14,1.0,긴급성·시간압박
vp_18302_case_001,12.0,21,9.0,긴급성·시간압박
vp_18309_case_001,5.0,15,10.0,긴급성·시간압박
vp_18311_case_001,22.0,41,19.0,긴급성·시간압박
vp_18313_case_001,2.0,7,5.0,긴급성·시간압박
vp_18322_case_002,11.0,12,1.0,긴급성·시간압박
vp_217131_case_002,5.0,16,11.0,긴급성·시간압박
vp_217132_case_001,9.0,58,49.0,긴급성·시간압박
vp_217133_case_001,4.0,12,8.0,긴급성·시간압박
vp_36337_case_001,5.0,12,7.0,긴급성·시간압박
vp_36342_case_002,4.0,10,6.0,긴급성·시간압박
vp_36343_case_001,9.0,42,33.0,긴급성·시간압박
vp_36344_case_001,4.0,21,17.0,긴급성·시간압박
vp_36345_case_001,1.0,71,70.0,긴급성·시간압박
vp_36354_case_001,19.0,21,2.0,긴급성·시간압박
vp_36362_case_004,6.0,11,5.0,긴급성·시간압박
vp_36365_case_002,4.0,18,14.0,긴급성·시간압박
vp_36368_case_001,2.0,89,87.0,긴급성·시간압박
vp_36368_case_002,14.0,65,51.0,긴급성·시간압박
vp_36369_case_001,5.0,49,44.0,긴급성·시간압박
vp_36369_case_002,5.0,18,13.0,긴급성·시간압박
vp_36369_case_006,26.0,37,11.0,긴급성·시간압박
vp_36371_case_009,2.0,92,90.0,긴급성·시간압박
vp_36372_case_001,3.0,33,30.0,긴급성·시간압박
vp_36377_case_001,2.0,43,41.0,긴급성·시간압박
vp_36377_case_005,6.0,46,40.0,긴급성·시간압박
vp_36379_case_001,6.0,11,5.0,긴급성·시간압박
vp_36379_case_002,1.0,11,10.0,긴급성·시간압박
vp_36380_case_001,10.0,37,27.0,긴급성·시간압박
vp_36381_case_001,42.0,68,26.0,긴급성·시간압박
vp_36385_case_001,14.0,26,12.0,긴급성·시간압박
vp_36385_case_004,8.0,87,79.0,긴급성·시간압박
vp_36385_case_005,12.0,94,82.0,긴급성·시간압박
vp_36389_case_003,2.0,3,1.0,긴급성·시간압박
vp_36390_case_002,4.0,64,60.0,긴급성·시간압박
vp_36392_case_001,2.0,7,5.0,긴급성·시간압박
vp_36396_case_001,1.0,58,57.0,긴급성·시간압박
vp_36402_case_001,11.0,28,17.0,긴급성·시간압박
vp_36403_case_001,8.0,24,16.0,긴급성·시간압박
vp_36405_case_001,21.0,165,144.0,긴급성·시간압박
vp_36406_case_001,2.0,15,13.0,긴급성·시간압박
vp_36413_case_001,1.0,192,191.0,긴급성·시간압박
vp_36416_case_002,2.0,16,14.0,긴급성·시간압박
vp_36416_case_004,4.0,23,19.0,긴급성·시간압박
vp_36463_case_002,2.0,6,4.0,긴급성·시간압박
vp_36463_case_003,9.0,49,40.0,긴급성·시간압박
vp_36467_case_001,8.0,10,2.0,긴급성·시간압박
vp_36491_case_001,6.0,8,2.0,긴급성·시간압박
vp_36506_case_002,30.0,50,20.0,긴급성·시간압박
vp_36512_case_002,10.0,22,12.0,긴급성·시간압박
vp_36516_case_001,15.0,46,31.0,긴급성·시간압박
vp_36516_case_002,1.0,14,13.0,긴급성·시간압박
vp_36517_case_002,4.0,6,2.0,긴급성·시간압박
vp_36527_case_001,3.0,6,3.0,긴급성·시간압박
vp_36536_case_001,11.0,12,1.0,긴급성·시간압박
vp_36539_case_001,5.0,14,9.0,긴급성·시간압박
vp_36578_case_001,9.0,38,29.0,긴급성·시간압박
vp_36579_case_001,5.0,15,10.0,긴급성·시간압박
vp_36582_case_001,16.0,26,10.0,긴급성·시간압박
vp_36584_case_002,10.0,38,28.0,긴급성·시간압박
vp_36594_case_003,2.0,18,16.0,긴급성·시간압박
vp_36595_case_001,5.0,8,3.0,긴급성·시간압박
vp_36596_case_001,16.0,22,6.0,긴급성·시간압박
vp_36600_case_001,2.0,8,6.0,긴급성·시간압박
vp_36602_case_001,13.0,39,26.0,긴급성·시간압박
vp_36602_case_002,6.0,62,56.0,긴급성·시간압박
vp_36603_case_001,21.0,49,28.0,긴급성·시간압박
vp_36609_case_001,1.0,2,1.0,긴급성·시간압박
vp_36610_case_002,1.0,6,5.0,긴급성·시간압박
vp_36610_case_003,5.0,8,3.0,긴급성·시간압박
vp_36613_case_002,15.0,67,52.0,긴급성·시간압박
vp_36614_case_001,1.0,8,7.0,긴급성·시간압박
vp_36625_case_001,1.0,3,2.0,긴급성·시간압박
vp_36627_case_001,1.0,6,5.0,긴급성·시간압박
vp_36630_case_001,5.0,13,8.0,긴급성·시간압박
vp_36633_case_001,22.0,58,36.0,긴급성·시간압박
vp_36641_case_001,1.0,103,102.0,긴급성·시간압박
vp_36644_case_001,21.0,148,127.0,긴급성·시간압박
vp_36645_case_001,2.0,13,11.0,긴급성·시간압박
vp_36646_case_001,2.0,3,1.0,긴급성·시간압박
vp_36647_case_001,5.0,11,6.0,긴급성·시간압박
vp_36648_case_001,10.0,13,3.0,긴급성·시간압박
vp_36649_case_001,36.0,51,15.0,긴급성·시간압박
vp_36651_case_002,8.0,65,57.0,긴급성·시간압박
vp_36659_case_005,54.0,67,13.0,긴급성·시간압박
vp_36660_case_001,8.0,26,18.0,긴급성·시간압박
vp_36661_case_001,6.0,38,32.0,긴급성·시간압박
vp_36674_case_001,7.0,52,45.0,긴급성·시간압박
vp_36676_case_001,3.0,49,46.0,긴급성·시간압박
vp_36684_case_001,2.0,35,33.0,긴급성·시간압박
vp_36685_case_001,1.0,4,3.0,긴급성·시간압박
vp_36688_case_001,5.0,186,181.0,긴급성·시간압박
vp_36690_case_001,2.0,7,5.0,긴급성·시간압박
vp_36692_case_001,11.0,29,18.0,긴급성·시간압박
vp_36694_case_001,1.0,14,13.0,긴급성·시간압박
vp_36696_case_001,1.0,3,2.0,긴급성·시간압박
vp_36699_case_001,1.0,3,2.0,긴급성·시간압박
vp_36704_case_001,4.0,24,20.0,긴급성·시간압박
vp_36707_case_001,27.0,58,31.0,긴급성·시간압박
vp_36709_case_001,6.0,78,72.0,긴급성·시간압박
vp_36710_case_001,3.0,31,28.0,긴급성·시간압박
vp_36716_case_002,10.0,20,10.0,긴급성·시간압박
vp_36719_case_001,5.0,36,31.0,긴급성·시간압박
vp_36728_case_001,5.0,9,4.0,긴급성·시간압박
vp_36730_case_001,8.0,50,42.0,긴급성·시간압박
vp_36731_case_002,15.0,27,12.0,긴급성·시간압박
vp_36735_case_001,2.0,41,39.0,긴급성·시간압박
vp_36735_case_005,7.0,44,37.0,긴급성·시간압박
vp_36738_case_001,7.0,38,31.0,긴급성·시간압박
vp_36742_case_001,1.0,2,1.0,긴급성·시간압박
vp_36744_case_001,1.0,2,1.0,긴급성·시간압박
vp_130784_case_001,1.0,26,25.0,공포·위협
vp_18245_case_001,2.0,16,14.0,공포·위협
vp_18252_case_002,3.0,11,8.0,공포·위협
vp_18270_case_001,3.0,17,14.0,공포·위협
vp_18270_case_002,1.0,19,18.0,공포·위협
vp_18274_case_001,12.0,27,15.0,공포·위협
vp_18275_case_003,10.0,37,27.0,공포·위협
vp_18282_case_003,7.0,40,33.0,공포·위협
vp_18284_case_001,5.0,23,18.0,공포·위협
vp_18284_case_002,15.0,23,8.0,공포·위협
vp_18294_case_002,1.0,16,15.0,공포·위협
vp_18297_case_002,4.0,14,10.0,공포·위협
vp_18300_case_001,13.0,15,2.0,공포·위협
vp_18302_case_001,1.0,21,20.0,공포·위협
vp_18305_case_003,1.0,6,5.0,공포·위협
vp_18309_case_001,11.0,15,4.0,공포·위협
vp_18315_case_001,1.0,32,31.0,공포·위협
vp_18316_case_001,1.0,5,4.0,공포·위협
vp_217131_case_002,7.0,16,9.0,공포·위협
vp_217132_case_001,1.0,58,57.0,공포·위협
vp_36340_case_001,2.0,3,1.0,공포·위협
vp_36342_case_002,7.0,10,3.0,공포·위협
vp_36343_case_001,7.0,42,35.0,공포·위협
vp_36345_case_001,1.0,71,70.0,공포·위협
vp_36348_case_001,4.0,14,10.0,공포·위협
vp_36354_case_001,16.0,21,5.0,공포·위협
vp_36362_case_004,6.0,11,5.0,공포·위협
vp_36365_case_002,2.0,18,16.0,공포·위협
vp_36368_case_001,1.0,89,88.0,공포·위협
vp_36368_case_002,9.0,65,56.0,공포·위협
vp_36369_case_001,8.0,49,41.0,공포·위협
vp_36369_case_006,5.0,37,32.0,공포·위협
vp_36371_case_009,56.0,92,36.0,공포·위협
vp_36372_case_001,1.0,33,32.0,공포·위협
vp_36375_case_002,8.0,26,18.0,공포·위협
vp_36377_case_001,1.0,43,42.0,공포·위협
vp_36377_case_005,10.0,46,36.0,공포·위협
vp_36379_case_001,1.0,11,10.0,공포·위협
vp_36380_case_001,3.0,37,34.0,공포·위협
vp_36381_case_001,5.0,68,63.0,공포·위협
vp_36382_case_001,1.0,5,4.0,공포·위협
vp_36385_case_001,14.0,26,12.0,공포·위협
vp_36385_case_004,15.0,87,72.0,공포·위협
vp_36385_case_005,69.0,94,25.0,공포·위협
vp_36388_case_001,7.0,31,24.0,공포·위협
vp_36389_case_003,2.0,3,1.0,공포·위협
vp_36390_case_002,3.0,64,61.0,공포·위협
vp_36392_case_001,2.0,7,5.0,공포·위협
vp_36396_case_001,1.0,58,57.0,공포·위협
vp_36403_case_001,6.0,24,18.0,공포·위협
vp_36405_case_001,21.0,165,144.0,공포·위협
vp_36406_case_001,2.0,15,13.0,공포·위협
vp_36413_case_001,8.0,192,184.0,공포·위협
vp_36416_case_001,1.0,52,51.0,공포·위협
vp_36416_case_002,2.0,16,14.0,공포·위협
vp_36418_case_001,5.0,6,1.0,공포·위협
vp_36429_case_001,8.0,9,1.0,공포·위협
vp_36491_case_001,7.0,8,1.0,공포·위협
vp_36492_case_001,5.0,20,15.0,공포·위협
vp_36688_case_001,148.0,186,38.0,공포·위협
vp_130784_case_001,1.0,26,25.0,정당성 구축
vp_18284_case_002,5.0,23,18.0,정당성 구축
vp_18295_case_002,1.0,45,44.0,정당성 구축
vp_18302_case_001,5.0,21,16.0,정당성 구축
vp_18304_case_006,2.0,3,1.0,정당성 구축
vp_18315_case_001,4.0,32,28.0,정당성 구축
vp_217132_case_001,8.0,58,50.0,정당성 구축
vp_217133_case_001,9.0,12,3.0,정당성 구축
vp_36345_case_001,48.0,71,23.0,정당성 구축
vp_36368_case_001,36.0,89,53.0,정당성 구축
vp_36369_case_001,4.0,49,45.0,정당성 구축
vp_36371_case_002,9.0,21,12.0,정당성 구축
vp_36372_case_001,6.0,33,27.0,정당성 구축
vp_36385_case_004,60.0,87,27.0,정당성 구축
vp_36413_case_001,21.0,192,171.0,정당성 구축
vp_36416_case_001,29.0,52,23.0,정당성 구축
vp_36584_case_002,37.0,38,1.0,정당성 구축
vp_36602_case_001,17.0,39,22.0,정당성 구축
vp_36610_case_003,2.0,8,6.0,정당성 구축
vp_36641_case_001,23.0,103,80.0,정당성 구축
vp_36684_case_001,20.0,35,15.0,정당성 구축
vp_36688_case_001,3.0,186,183.0,정당성 구축
vp_36704_case_001,2.0,24,22.0,정당성 구축
vp_36731_case_003,7.0,9,2.0,정당성 구축
vp_36735_case_001,37.0,41,4.0,정당성 구축
vp_130780_case_001,14.0,33,19.0,금전요구
vp_130783_case_001,2.0,11,9.0,금전요구
vp_18261_case_001,3.0,5,2.0,금전요구
vp_18263_case_001,4.0,15,11.0,금전요구
vp_18265_case_001,14.0,28,14.0,금전요구
vp_18287_case_001,4.0,30,26.0,금전요구
vp_18287_case_002,6.0,7,1.0,금전요구
vp_18309_case_001,9.0,15,6.0,금전요구
vp_18311_case_001,8.0,41,33.0,금전요구
vp_18313_case_001,3.0,7,4.0,금전요구
vp_217131_case_002,6.0,16,10.0,금전요구
vp_217132_case_001,2.0,58,56.0,금전요구
vp_36342_case_002,7.0,10,3.0,금전요구
vp_36343_case_001,30.0,42,12.0,금전요구
vp_36345_case_001,38.0,71,33.0,금전요구
vp_36354_case_001,19.0,21,2.0,금전요구
vp_36368_case_002,27.0,65,38.0,금전요구
vp_36369_case_006,34.0,37,3.0,금전요구
vp_36371_case_009,18.0,92,74.0,금전요구
vp_36372_case_001,1.0,33,32.0,금전요구
vp_36377_case_001,33.0,43,10.0,금전요구
vp_36379_case_002,6.0,11,5.0,금전요구
vp_36380_case_001,28.0,37,9.0,금전요구
vp_36381_case_001,53.0,68,15.0,금전요구
vp_36381_case_003,4.0,6,2.0,금전요구
vp_36382_case_001,3.0,5,2.0,금전요구
vp_36385_case_005,83.0,94,11.0,금전요구
vp_36390_case_002,46.0,64,18.0,금전요구
vp_36396_case_001,39.0,58,19.0,금전요구
vp_36403_case_001,10.0,24,14.0,금전요구
vp_36405_case_001,119.0,165,46.0,금전요구
vp_36406_case_001,6.0,15,9.0,금전요구
vp_36413_case_001,92.0,192,100.0,금전요구
vp_36463_case_003,40.0,49,9.0,금전요구
vp_36506_case_002,27.0,50,23.0,금전요구
vp_36506_case_003,17.0,51,34.0,금전요구
vp_36512_case_002,1.0,22,21.0,금전요구
vp_36515_case_001,4.0,6,2.0,금전요구
vp_36517_case_001,4.0,13,9.0,금전요구
vp_36521_case_001,7.0,10,3.0,금전요구
vp_36522_case_001,3.0,13,10.0,금전요구
vp_36578_case_001,9.0,38,29.0,금전요구
vp_36582_case_001,21.0,26,5.0,금전요구
vp_36583_case_001,1.0,4,3.0,금전요구
vp_36584_case_002,12.0,38,26.0,금전요구
vp_36596_case_001,6.0,22,16.0,금전요구
vp_36600_case_001,3.0,8,5.0,금전요구
vp_36603_case_001,10.0,49,39.0,금전요구
vp_36610_case_002,2.0,6,4.0,금전요구
vp_36613_case_002,59.0,67,8.0,금전요구
vp_36625_case_001,1.0,3,2.0,금전요구
vp_36626_case_001,1.0,13,12.0,금전요구
vp_36627_case_001,3.0,6,3.0,금전요구
vp_36630_case_001,12.0,13,1.0,금전요구
vp_36633_case_001,23.0,58,35.0,금전요구
vp_36638_case_001,31.0,33,2.0,금전요구
vp_36639_case_002,1.0,2,1.0,금전요구
vp_36641_case_001,25.0,103,78.0,금전요구
vp_36644_case_001,82.0,148,66.0,금전요구
vp_36645_case_001,5.0,13,8.0,금전요구
vp_36652_case_003,8.0,12,4.0,금전요구
vp_36659_case_005,41.0,67,26.0,금전요구
vp_36660_case_001,22.0,26,4.0,금전요구
vp_36661_case_001,12.0,38,26.0,금전요구
vp_36674_case_001,5.0,52,47.0,금전요구
vp_36676_case_001,36.0,49,13.0,금전요구
vp_36685_case_001,1.0,4,3.0,금전요구
vp_36688_case_001,10.0,186,176.0,금전요구
vp_36694_case_001,10.0,14,4.0,금전요구
vp_36696_case_001,2.0,3,1.0,금전요구
vp_36699_case_001,1.0,3,2.0,금전요구
vp_36701_case_001,11.0,26,15.0,금전요구
vp_36704_case_001,23.0,24,1.0,금전요구
vp_36709_case_002,6.0,40,34.0,금전요구
vp_36709_case_003,14.0,25,11.0,금전요구
vp_36710_case_001,8.0,31,23.0,금전요구
vp_36719_case_001,34.0,36,2.0,금전요구
vp_36728_case_001,8.0,9,1.0,금전요구
vp_36730_case_001,35.0,50,15.0,금전요구
vp_36731_case_002,8.0,27,19.0,금전요구
vp_36735_case_001,6.0,41,35.0,금전요구
vp_36735_case_005,17.0,44,27.0,금전요구
vp_18284_case_001,22.0,23,1.0,정보추출
vp_18297_case_002,10.0,14,4.0,정보추출
vp_18305_case_003,4.0,6,2.0,정보추출
vp_217132_case_001,2.0,58,56.0,정보추출
vp_36339_case_005,8.0,13,5.0,정보추출
vp_36362_case_004,6.0,11,5.0,정보추출
vp_36372_case_001,12.0,33,21.0,정보추출
vp_36403_case_001,3.0,24,21.0,정보추출
vp_36416_case_001,14.0,52,38.0,정보추출
vp_36492_case_001,18.0,20,2.0,정보추출
vp_130780_case_001,21.0,33,12.0,대화지속 질문
vp_18244_case_001,2.0,4,2.0,대화지속 질문
vp_18261_case_001,4.0,5,1.0,대화지속 질문
vp_18262_case_001,17.0,41,24.0,대화지속 질문
vp_18265_case_001,2.0,28,26.0,대화지속 질문
vp_18270_case_001,6.0,17,11.0,대화지속 질문
vp_18270_case_002,11.0,19,8.0,대화지속 질문
vp_18280_case_002,1.0,3,2.0,대화지속 질문
vp_18287_case_001,6.0,30,24.0,대화지속 질문
vp_18311_case_001,17.0,41,24.0,대화지속 질문
vp_18315_case_001,10.0,32,22.0,대화지속 질문
vp_36354_case_001,4.0,21,17.0,대화지속 질문
vp_36362_case_004,2.0,11,9.0,대화지속 질문
vp_36366_case_001,1.0,3,2.0,대화지속 질문
vp_36368_case_001,8.0,89,81.0,대화지속 질문
vp_36377_case_007,4.0,16,12.0,대화지속 질문
vp_36379_case_002,10.0,11,1.0,대화지속 질문
vp_36380_case_001,1.0,37,36.0,대화지속 질문
vp_36381_case_001,8.0,68,60.0,대화지속 질문
vp_36385_case_001,20.0,26,6.0,대화지속 질문
vp_36385_case_005,61.0,94,33.0,대화지속 질문
vp_36388_case_001,10.0,31,21.0,대화지속 질문
vp_36392_case_001,1.0,7,6.0,대화지속 질문
vp_36403_case_001,9.0,24,15.0,대화지속 질문
vp_36405_case_001,3.0,165,162.0,대화지속 질문
vp_36406_case_001,4.0,15,11.0,대화지속 질문
vp_36413_case_001,44.0,192,148.0,대화지속 질문
vp_36416_case_003,1.0,23,22.0,대화지속 질문
vp_36512_case_002,2.0,22,20.0,대화지속 질문
vp_36515_case_001,5.0,6,1.0,대화지속 질문
vp_36516_case_001,22.0,46,24.0,대화지속 질문
vp_36516_case_002,3.0,14,11.0,대화지속 질문
vp_36517_case_002,1.0,6,5.0,대화지속 질문
vp_36524_case_001,4.0,13,9.0,대화지속 질문
vp_36579_case_001,1.0,15,14.0,대화지속 질문
vp_36582_case_001,11.0,26,15.0,대화지속 질문
vp_36583_case_002,11.0,26,15.0,대화지속 질문
vp_36587_case_003,11.0,33,22.0,대화지속 질문
vp_36593_case_001,9.0,14,5.0,대화지속 질문
vp_36602_case_001,10.0,39,29.0,대화지속 질문
vp_36602_case_002,21.0,62,41.0,대화지속 질문
vp_36602_case_004,1.0,40,39.0,대화지속 질문
vp_36603_case_001,4.0,49,45.0,대화지속 질문
vp_36613_case_002,4.0,67,63.0,대화지속 질문
vp_36626_case_001,4.0,13,9.0,대화지속 질문
vp_36630_case_001,6.0,13,7.0,대화지속 질문
vp_36644_case_001,8.0,148,140.0,대화지속 질문
vp_36645_case_001,7.0,13,6.0,대화지속 질문
vp_36649_case_001,16.0,51,35.0,대화지속 질문
vp_36661_case_001,35.0,38,3.0,대화지속 질문
vp_36674_case_001,2.0,52,50.0,대화지속 질문
vp_36682_case_001,1.0,13,12.0,대화지속 질문
vp_36688_case_001,101.0,186,85.0,대화지속 질문
vp_36705_case_001,7.0,15,8.0,대화지속 질문
vp_36707_case_001,2.0,58,56.0,대화지속 질문
vp_36710_case_001,15.0,31,16.0,대화지속 질문
vp_36715_case_001,3.0,12,9.0,대화지속 질문
vp_36719_case_001,3.0,36,33.0,대화지속 질문
vp_36730_case_001,29.0,50,21.0,대화지속 질문
vp_36731_case_001,6.0,14,8.0,대화지속 질문
vp_36731_case_002,14.0,27,13.0,대화지속 질문
vp_36735_case_001,10.0,41,31.0,대화지속 질문
vp_36735_case_005,36.0,44,8.0,대화지속 질문
vp_18247_case_001,4.0,26,22.0,경계 질문
vp_18262_case_001,3.0,41,38.0,경계 질문
vp_18284_case_002,18.0,23,5.0,경계 질문
vp_18309_case_001,2.0,15,13.0,경계 질문
vp_18315_case_001,20.0,32,12.0,경계 질문
vp_36354_case_001,6.0,21,15.0,경계 질문
vp_36364_case_001,2.0,3,1.0,경계 질문
vp_36368_case_001,23.0,89,66.0,경계 질문
vp_36385_case_001,8.0,26,18.0,경계 질문
vp_36385_case_004,22.0,87,65.0,경계 질문
vp_36405_case_001,14.0,165,151.0,경계 질문
vp_36406_case_001,9.0,15,6.0,경계 질문
vp_36413_case_001,4.0,192,188.0,경계 질문
vp_36516_case_001,7.0,46,39.0,경계 질문
vp_36521_case_001,1.0,10,9.0,경계 질문
vp_36524_case_001,12.0,13,1.0,경계 질문
vp_36584_case_002,30.0,38,8.0,경계 질문
vp_36593_case_001,4.0,14,10.0,경계 질문
vp_36593_case_002,2.0,11,9.0,경계 질문
vp_36602_case_002,15.0,62,47.0,경계 질문
vp_36602_case_004,5.0,40,35.0,경계 질문
vp_36638_case_001,4.0,33,29.0,경계 질문
vp_36641_case_001,29.0,103,74.0,경계 질문
vp_36652_case_003,2.0,12,10.0,경계 질문
vp_36676_case_001,39.0,49,10.0,경계 질문
vp_36688_case_001,14.0,186,172.0,경계 질문
vp_36716_case_002,17.0,20,3.0,경계 질문
vp_36719_case_001,14.0,36,22.0,경계 질문
vp_36730_case_001,14.0,50,36.0,경계 질문
