연령대,피해자 성별,최초 접수년,최초 접수월,피해액,사기유형,사칭기관,피해구제 신청사유,접근매체,자료기준일,원본파일,중복후보,전화_보이스피싱
50,여,2025,7,20000000,투자사기,금융투자업자,투자사기,전화,20251231,우체국금융개발원_우체국 금융 사기계좌 정보_20251231.csv,False,False
70,여,2025,7,20500000,사건연루조사,"금감원, 금융위",보이스피싱,전화,20251231,우체국금융개발원_우체국 금융 사기계좌 정보_20251231.csv,False,True
70,남,2025,7,24000000,투자사기,금융투자업자,투자사기,전화,20251231,우체국금융개발원_우체국 금융 사기계좌 정보_20251231.csv,False,False
60,남,2025,7,360000,투자사기,금융투자업자,투자사기,전화,20251231,우체국금융개발원_우체국 금융 사기계좌 정보_20251231.csv,False,False
60,남,2025,7,1000000,투자사기,금융투자업자,투자사기,전화,20251231,우체국금융개발원_우체국 금융 사기계좌 정보_20251231.csv,False,False
60,남,2025,7,6000000,투자사기,금융투자업자,투자사기,전화,20251231,우체국금융개발원_우체국 금융 사기계좌 정보_20251231.csv,False,False
20,남,2025,7,210000,사건연루조사,"경찰, 검찰, 법원",보이스피싱,전화,20251231,우체국금융개발원_우체국 금융 사기계좌 정보_20251231.csv,False,True
20,남,2025,7,3000000,사건연루조사,"경찰, 검찰, 법원",보이스피싱,전화,20251231,우체국금융개발원_우체국 금융 사기계좌 정보_20251231.csv,False,True
30,여,2025,7,100000000,사건연루조사,"경찰, 검찰, 법원",보이스피싱,전화,20251231,우체국금융개발원_우체국 금융 사기계좌 정보_20251231.csv,True,True
30,여,2025,7,100000000,사건연루조사,"경찰, 검찰, 법원",보이스피싱,전화,20251231,우체국금융개발원_우체국 금융 사기계좌 정보_20251231.csv,True,True
60,여,2025,7,9950000,카드배송사칭,"금감원, 금융위",보이스피싱,전화,20251231,우체국금융개발원_우체국 금융 사기계좌 정보_20251231.csv,False,True
40,여,2025,7,500000,가족납치.상해 협박,개인,보이스피싱,전화,20251231,우체국금융개발원_우체국 금융 사기계좌 정보_20251231.csv,False,True
50,남,2025,7,10000000,투자사기,금융투자업자,투자사기,전화,20251231,우체국금융개발원_우체국 금융 사기계좌 정보_20251231.csv,False,False
20,남,2025,7,171800000,사건연루조사,"경찰, 검찰, 법원",보이스피싱,전화,20251231,우체국금융개발원_우체국 금융 사기계좌 정보_20251231.csv,False,True
70,여,2025,7,30000000,투자사기,금융투자업자,투자사기,전화,20251231,우체국금융개발원_우체국 금융 사기계좌 정보_20251231.csv,True,False
20,여,2025,7,500000,사건연루조사,"경찰, 검찰, 법원",보이스피싱,전화,20251231,우체국금융개발원_우체국 금융 사기계좌 정보_20251231.csv,True,True
60,남,2025,7,176700000,카드배송사칭,할부금융(카드사 및 캐피탈),보이스피싱,전화,20251231,우체국금융개발원_우체국 금융 사기계좌 정보_20251231.csv,False,True
70,여,2025,7,30000000,투자사기,금융투자업자,투자사기,전화,20251231,우체국금융개발원_우체국 금융 사기계좌 정보_20251231.csv,True,False
50,여,2025,7,23400000,투자사기,금융투자업자,투자사기,전화,20251231,우체국금융개발원_우체국 금융 사기계좌 정보_20251231.csv,False,False
40,여,2025,7,300016,가족납치.상해 협박,개인,보이스피싱,전화,20251231,우체국금융개발원_우체국 금융 사기계좌 정보_20251231.csv,False,True
50,여,2025,7,300000,가족납치.상해 협박,기타,보이스피싱,전화,20251231,우체국금융개발원_우체국 금융 사기계좌 정보_20251231.csv,False,True
40,여,2025,7,20000000,투자사기,금융투자업자,투자사기,전화,20251231,우체국금융개발원_우체국 금융 사기계좌 정보_20251231.csv,False,False
20,남,2025,7,500000,사건연루조사,"경찰, 검찰, 법원",보이스피싱,전화,20251231,우체국금융개발원_우체국 금융 사기계좌 정보_20251231.csv,True,True
20,남,2025,7,500000,사건연루조사,"경찰, 검찰, 법원",보이스피싱,전화,20251231,우체국금융개발원_우체국 금융 사기계좌 정보_20251231.csv,True,True
40,남,2025,7,500000,가족납치.상해 협박,기타,보이스피싱,전화,20251231,우체국금융개발원_우체국 금융 사기계좌 정보_20251231.csv,False,True
60,남,2025,7,67000000,투자사기,금융투자업자,투자사기,전화,20251231,우체국금융개발원_우체국 금융 사기계좌 정보_20251231.csv,False,False
20,여,2025,7,500000,사건연루조사,"경찰, 검찰, 법원",보이스피싱,전화,20251231,우체국금융개발원_우체국 금융 사기계좌 정보_20251231.csv,True,True
20,여,2025,7,500000,사건연루조사,"경찰, 검찰, 법원",보이스피싱,전화,20251231,우체국금융개발원_우체국 금융 사기계좌 정보_20251231.csv,True,True
60,여,2025,8,157000000,사건연루조사,"경찰, 검찰, 법원",보이스피싱,전화,20251231,우체국금융개발원_우체국 금융 사기계좌 정보_20251231.csv,False,True
20,여,2025,8,1430000,사건연루조사,"경찰, 검찰, 법원",보이스피싱,전화,20251231,우체국금융개발원_우체국 금융 사기계좌 정보_20251231.csv,True,True
20,여,2025,8,500000,사건연루조사,"경찰, 검찰, 법원",보이스피싱,전화,20251231,우체국금융개발원_우체국 금융 사기계좌 정보_20251231.csv,False,True
20,여,2025,8,1430000,사건연루조사,"경찰, 검찰, 법원",보이스피싱,전화,20251231,우체국금융개발원_우체국 금융 사기계좌 정보_20251231.csv,True,True
40,여,2025,8,1000000,투자사기,금융투자업자,투자사기,전화,20251231,우체국금융개발원_우체국 금융 사기계좌 정보_20251231.csv,False,False
50,여,2025,8,40000000,투자사기,금융투자업자,투자사기,전화,20251231,우체국금융개발원_우체국 금융 사기계좌 정보_20251231.csv,False,False
20,남,2025,8,500000,사건연루조사,"경찰, 검찰, 법원",보이스피싱,전화,20251231,우체국금융개발원_우체국 금융 사기계좌 정보_20251231.csv,True,True
20,남,2025,8,3500000,사건연루조사,"경찰, 검찰, 법원",보이스피싱,전화,20251231,우체국금융개발원_우체국 금융 사기계좌 정보_20251231.csv,False,True
30,남,2025,8,3570000,사건연루조사,"경찰, 검찰, 법원",보이스피싱,전화,20251231,우체국금융개발원_우체국 금융 사기계좌 정보_20251231.csv,False,True
50,여,2025,8,400000,가족납치.상해 협박,기타,보이스피싱,전화,20251231,우체국금융개발원_우체국 금융 사기계좌 정보_20251231.csv,False,True
20,남,2025,8,500000,사건연루조사,"경찰, 검찰, 법원",보이스피싱,전화,20251231,우체국금융개발원_우체국 금융 사기계좌 정보_20251231.csv,True,True
40,여,2025,8,400000,가족납치.상해 협박,개인,보이스피싱,전화,20251231,우체국금융개발원_우체국 금융 사기계좌 정보_20251231.csv,False,True
30,남,2025,8,500000,사건연루조사,"경찰, 검찰, 법원",보이스피싱,전화,20251231,우체국금융개발원_우체국 금융 사기계좌 정보_20251231.csv,False,True
60,여,2025,8,11243000,투자사기,금융투자업자,투자사기,전화,20251231,우체국금융개발원_우체국 금융 사기계좌 정보_20251231.csv,False,False
20,남,2025,8,500000,사건연루조사,"경찰, 검찰, 법원",보이스피싱,전화,20251231,우체국금융개발원_우체국 금융 사기계좌 정보_20251231.csv,True,True
20,남,2025,8,1000000,사건연루조사,"경찰, 검찰, 법원",보이스피싱,전화,20251231,우체국금융개발원_우체국 금융 사기계좌 정보_20251231.csv,False,True
40,여,2025,8,14101288,투자사기,금융투자업자,투자사기,전화,20251231,우체국금융개발원_우체국 금융 사기계좌 정보_20251231.csv,False,False
40,여,2025,8,1000000,가족납치.상해 협박,개인,보이스피싱,전화,20251231,우체국금융개발원_우체국 금융 사기계좌 정보_20251231.csv,False,True
30,남,2025,8,2000000,사건연루조사,"경찰, 검찰, 법원",보이스피싱,전화,20251231,우체국금융개발원_우체국 금융 사기계좌 정보_20251231.csv,True,True
30,남,2025,8,2000000,사건연루조사,"경찰, 검찰, 법원",보이스피싱,전화,20251231,우체국금융개발원_우체국 금융 사기계좌 정보_20251231.csv,True,True
50,여,2025,8,500000,가족납치.상해 협박,개인,보이스피싱,전화,20251231,우체국금융개발원_우체국 금융 사기계좌 정보_20251231.csv,False,True
40,여,2025,8,60000000,투자사기,금융투자업자,투자사기,전화,20251231,우체국금융개발원_우체국 금융 사기계좌 정보_20251231.csv,False,False
70,여,2025,8,28000000,사건연루조사,기타,보이스피싱,전화,20251231,우체국금융개발원_우체국 금융 사기계좌 정보_20251231.csv,False,True
60,남,2025,8,80000000,투자사기,금융투자업자,투자사기,전화,20251231,우체국금융개발원_우체국 금융 사기계좌 정보_20251231.csv,False,False
20,남,2025,8,4000000,사건연루조사,"경찰, 검찰, 법원",보이스피싱,전화,20251231,우체국금융개발원_우체국 금융 사기계좌 정보_20251231.csv,False,True
20,여,2025,8,9004000,사건연루조사,"경찰, 검찰, 법원",보이스피싱,전화,20251231,우체국금융개발원_우체국 금융 사기계좌 정보_20251231.csv,False,True
20,남,2025,8,500000,사건연루조사,"경찰, 검찰, 법원",보이스피싱,전화,20251231,우체국금융개발원_우체국 금융 사기계좌 정보_20251231.csv,True,True
60,남,2025,9,6000000,투자사기,금융투자업자,투자사기,전화,20251231,우체국금융개발원_우체국 금융 사기계좌 정보_20251231.csv,False,False
60,남,2025,9,27900000,카드배송사칭,할부금융(카드사 및 캐피탈),보이스피싱,전화,20251231,우체국금융개발원_우체국 금융 사기계좌 정보_20251231.csv,False,True
70,남,2025,9,50500000,사건연루조사,"경찰, 검찰, 법원",보이스피싱,전화,20251231,우체국금융개발원_우체국 금융 사기계좌 정보_20251231.csv,False,True
30,남,2025,9,2000000,사건연루조사,"경찰, 검찰, 법원",보이스피싱,전화,20251231,우체국금융개발원_우체국 금융 사기계좌 정보_20251231.csv,True,True
30,남,2025,9,2000000,사건연루조사,"경찰, 검찰, 법원",보이스피싱,전화,20251231,우체국금융개발원_우체국 금융 사기계좌 정보_20251231.csv,True,True
70,여,2025,9,68000000,사건연루조사,"금감원, 금융위",보이스피싱,전화,20251231,우체국금융개발원_우체국 금융 사기계좌 정보_20251231.csv,False,True
20,남,2025,9,29000000,사건연루조사,"경찰, 검찰, 법원",보이스피싱,전화,20251231,우체국금융개발원_우체국 금융 사기계좌 정보_20251231.csv,True,True
30,남,2025,9,500000,사건연루조사,"경찰, 검찰, 법원",보이스피싱,전화,20251231,우체국금융개발원_우체국 금융 사기계좌 정보_20251231.csv,False,True
20,남,2025,9,500000,사건연루조사,"경찰, 검찰, 법원",보이스피싱,전화,20251231,우체국금융개발원_우체국 금융 사기계좌 정보_20251231.csv,False,True
50,남,2025,9,1880000,지인사칭(메신저피싱),개인,보이스피싱,전화,20251231,우체국금융개발원_우체국 금융 사기계좌 정보_20251231.csv,False,True
30,남,2025,9,9399440,사건연루조사,"경찰, 검찰, 법원",보이스피싱,전화,20251231,우체국금융개발원_우체국 금융 사기계좌 정보_20251231.csv,False,True
50,남,2025,9,10000000,사건연루조사,"경찰, 검찰, 법원",보이스피싱,전화,20251231,우체국금융개발원_우체국 금융 사기계좌 정보_20251231.csv,False,True
50,여,2025,9,35000000,투자사기,금융투자업자,투자사기,전화,20251231,우체국금융개발원_우체국 금융 사기계좌 정보_20251231.csv,False,False
60,여,2025,9,8332459,사건연루조사,"경찰, 검찰, 법원",보이스피싱,전화,20251231,우체국금융개발원_우체국 금융 사기계좌 정보_20251231.csv,False,True
70,남,2025,9,15400000,사건연루조사,"경찰, 검찰, 법원",보이스피싱,전화,20251231,우체국금융개발원_우체국 금융 사기계좌 정보_20251231.csv,False,True
40,남,2025,9,30000000,투자사기,금융투자업자,투자사기,전화,20251231,우체국금융개발원_우체국 금융 사기계좌 정보_20251231.csv,False,False
20,남,2025,9,480000,사건연루조사,"경찰, 검찰, 법원",보이스피싱,전화,20251231,우체국금융개발원_우체국 금융 사기계좌 정보_20251231.csv,False,True
20,남,2025,9,5000000,사건연루조사,"경찰, 검찰, 법원",보이스피싱,전화,20251231,우체국금융개발원_우체국 금융 사기계좌 정보_20251231.csv,False,True
20,남,2025,9,3000000,사건연루조사,"경찰, 검찰, 법원",보이스피싱,전화,20251231,우체국금융개발원_우체국 금융 사기계좌 정보_20251231.csv,False,True
20,여,2025,9,400000,사건연루조사,"경찰, 검찰, 법원",보이스피싱,전화,20251231,우체국금융개발원_우체국 금융 사기계좌 정보_20251231.csv,False,True
20,남,2025,9,400000,사건연루조사,"경찰, 검찰, 법원",보이스피싱,전화,20251231,우체국금융개발원_우체국 금융 사기계좌 정보_20251231.csv,False,True
60,여,2025,9,8000000,투자사기,금융투자업자,투자사기,전화,20251231,우체국금융개발원_우체국 금융 사기계좌 정보_20251231.csv,False,False
60,여,2025,9,9000000,사건연루조사,"경찰, 검찰, 법원",보이스피싱,전화,20251231,우체국금융개발원_우체국 금융 사기계좌 정보_20251231.csv,False,True
70,남,2025,9,9000000,사건연루조사,"경찰, 검찰, 법원",보이스피싱,전화,20251231,우체국금융개발원_우체국 금융 사기계좌 정보_20251231.csv,False,True
20,여,2025,9,1000000,사건연루조사,"경찰, 검찰, 법원",보이스피싱,전화,20251231,우체국금융개발원_우체국 금융 사기계좌 정보_20251231.csv,False,True
70,여,2025,9,28500000,투자사기,금융투자업자,투자사기,전화,20251231,우체국금융개발원_우체국 금융 사기계좌 정보_20251231.csv,False,False
30,남,2025,9,2000000,사건연루조사,"경찰, 검찰, 법원",보이스피싱,전화,20251231,우체국금융개발원_우체국 금융 사기계좌 정보_20251231.csv,True,True
80,여,2025,9,5000000,투자사기,금융투자업자,투자사기,전화,20251231,우체국금융개발원_우체국 금융 사기계좌 정보_20251231.csv,False,False
20,여,2025,9,500000,사건연루조사,"경찰, 검찰, 법원",보이스피싱,전화,20251231,우체국금융개발원_우체국 금융 사기계좌 정보_20251231.csv,True,True
20,남,2025,9,29000000,사건연루조사,"경찰, 검찰, 법원",보이스피싱,전화,20251231,우체국금융개발원_우체국 금융 사기계좌 정보_20251231.csv,True,True
20,여,2025,9,30000000,사건연루조사,"경찰, 검찰, 법원",보이스피싱,전화,20251231,우체국금융개발원_우체국 금융 사기계좌 정보_20251231.csv,False,True
20,여,2025,9,500000,사건연루조사,"경찰, 검찰, 법원",보이스피싱,전화,20251231,우체국금융개발원_우체국 금융 사기계좌 정보_20251231.csv,True,True
30,남,2025,9,35000000,기타,"경찰, 검찰, 법원",보이스피싱,전화,20251231,우체국금융개발원_우체국 금융 사기계좌 정보_20251231.csv,False,True
50,여,2025,9,80000000,사건연루조사,"경찰, 검찰, 법원",보이스피싱,전화,20251231,우체국금융개발원_우체국 금융 사기계좌 정보_20251231.csv,False,True
20,남,2025,9,7650000,사건연루조사,"경찰, 검찰, 법원",보이스피싱,전화,20251231,우체국금융개발원_우체국 금융 사기계좌 정보_20251231.csv,False,True
60,여,2025,9,7000000,카드배송사칭,할부금융(카드사 및 캐피탈),보이스피싱,전화,20251231,우체국금융개발원_우체국 금융 사기계좌 정보_20251231.csv,False,True
30,남,2025,9,262000,사건연루조사,"경찰, 검찰, 법원",보이스피싱,전화,20251231,우체국금융개발원_우체국 금융 사기계좌 정보_20251231.csv,False,True
30,여,2025,9,500000,사건연루조사,"경찰, 검찰, 법원",보이스피싱,전화,20251231,우체국금융개발원_우체국 금융 사기계좌 정보_20251231.csv,False,True
50,여,2025,9,15000000,투자사기,금융투자업자,투자사기,전화,20251231,우체국금융개발원_우체국 금융 사기계좌 정보_20251231.csv,False,False
20,남,2025,9,439000000,사건연루조사,"금감원, 금융위",보이스피싱,전화,20251231,우체국금융개발원_우체국 금융 사기계좌 정보_20251231.csv,False,True
40,여,2025,9,490000,가족납치.상해 협박,기타,보이스피싱,전화,20251231,우체국금융개발원_우체국 금융 사기계좌 정보_20251231.csv,False,True
60,여,2025,9,82000000,사건연루조사,"금감원, 금융위",보이스피싱,전화,20251231,우체국금융개발원_우체국 금융 사기계좌 정보_20251231.csv,False,True
80,남,2025,9,70000000,투자사기,금융투자업자,투자사기,전화,20251231,우체국금융개발원_우체국 금융 사기계좌 정보_20251231.csv,False,False
60,남,2025,10,15000000,사건연루조사,"금감원, 금융위",보이스피싱,전화,20251231,우체국금융개발원_우체국 금융 사기계좌 정보_20251231.csv,False,True
50,여,2025,10,48000000,투자사기,금융투자업자,투자사기,전화,20251231,우체국금융개발원_우체국 금융 사기계좌 정보_20251231.csv,False,False
40,여,2025,10,500000,지인사칭(메신저피싱),개인,보이스피싱,전화,20251231,우체국금융개발원_우체국 금융 사기계좌 정보_20251231.csv,True,True
20,여,2025,10,23000000,사건연루조사,"경찰, 검찰, 법원",보이스피싱,전화,20251231,우체국금융개발원_우체국 금융 사기계좌 정보_20251231.csv,False,True
50,남,2025,10,84000000,투자사기,금융투자업자,투자사기,전화,20251231,우체국금융개발원_우체국 금융 사기계좌 정보_20251231.csv,False,False
60,여,2025,10,78700000,사건연루조사,"경찰, 검찰, 법원",보이스피싱,전화,20251231,우체국금융개발원_우체국 금융 사기계좌 정보_20251231.csv,False,True
30,여,2025,10,335000000,사건연루조사,"금감원, 금융위",보이스피싱,전화,20251231,우체국금융개발원_우체국 금융 사기계좌 정보_20251231.csv,False,True
50,남,2025,10,183000000,투자사기,금융투자업자,투자사기,전화,20251231,우체국금융개발원_우체국 금융 사기계좌 정보_20251231.csv,False,False
30,남,2025,10,2000000,사건연루조사,"경찰, 검찰, 법원",보이스피싱,전화,20251231,우체국금융개발원_우체국 금융 사기계좌 정보_20251231.csv,False,True
60,남,2025,10,440000000,사건연루조사,"경찰, 검찰, 법원",보이스피싱,전화,20251231,우체국금융개발원_우체국 금융 사기계좌 정보_20251231.csv,False,True
60,여,2025,10,60000000,사건연루조사,"경찰, 검찰, 법원",보이스피싱,전화,20251231,우체국금융개발원_우체국 금융 사기계좌 정보_20251231.csv,False,True
70,여,2025,10,59996000,사건연루조사,"금감원, 금융위",보이스피싱,전화,20251231,우체국금융개발원_우체국 금융 사기계좌 정보_20251231.csv,False,True
40,여,2025,10,123030,가족납치.상해 협박,개인,보이스피싱,전화,20251231,우체국금융개발원_우체국 금융 사기계좌 정보_20251231.csv,False,True
60,여,2025,10,17000000,사건연루조사,"경찰, 검찰, 법원",보이스피싱,전화,20251231,우체국금융개발원_우체국 금융 사기계좌 정보_20251231.csv,False,True
30,남,2025,10,25500000,사건연루조사,"경찰, 검찰, 법원",보이스피싱,전화,20251231,우체국금융개발원_우체국 금융 사기계좌 정보_20251231.csv,False,True
20,남,2025,10,400900,사건연루조사,"경찰, 검찰, 법원",보이스피싱,전화,20251231,우체국금융개발원_우체국 금융 사기계좌 정보_20251231.csv,False,True
50,남,2025,10,8700000,사건연루조사,"경찰, 검찰, 법원",보이스피싱,전화,20251231,우체국금융개발원_우체국 금융 사기계좌 정보_20251231.csv,False,True
50,남,2025,10,1000000,투자사기,금융투자업자,투자사기,전화,20251231,우체국금융개발원_우체국 금융 사기계좌 정보_20251231.csv,False,False
40,여,2025,10,500000,지인사칭(메신저피싱),개인,보이스피싱,전화,20251231,우체국금융개발원_우체국 금융 사기계좌 정보_20251231.csv,True,True
40,여,2025,10,360000,가족납치.상해 협박,기타,보이스피싱,전화,20251231,우체국금융개발원_우체국 금융 사기계좌 정보_20251231.csv,False,True
20,남,2025,10,390000,사건연루조사,"경찰, 검찰, 법원",보이스피싱,전화,20251231,우체국금융개발원_우체국 금융 사기계좌 정보_20251231.csv,False,True
20,남,2025,10,9998100,사건연루조사,"경찰, 검찰, 법원",보이스피싱,전화,20251231,우체국금융개발원_우체국 금융 사기계좌 정보_20251231.csv,False,True
30,남,2025,10,18000000,사건연루조사,"경찰, 검찰, 법원",보이스피싱,전화,20251231,우체국금융개발원_우체국 금융 사기계좌 정보_20251231.csv,False,True
30,여,2025,10,50300000,사건연루조사,"경찰, 검찰, 법원",보이스피싱,전화,20251231,우체국금융개발원_우체국 금융 사기계좌 정보_20251231.csv,False,True
70,여,2025,10,28500000,투자사기,금융투자업자,투자사기,전화,20251231,우체국금융개발원_우체국 금융 사기계좌 정보_20251231.csv,False,False
60,여,2025,10,122645030,투자사기,금융투자업자,투자사기,전화,20251231,우체국금융개발원_우체국 금융 사기계좌 정보_20251231.csv,False,False
20,남,2025,10,330000,사건연루조사,"경찰, 검찰, 법원",보이스피싱,전화,20251231,우체국금융개발원_우체국 금융 사기계좌 정보_20251231.csv,False,True
60,여,2025,10,115000000,사건연루조사,"경찰, 검찰, 법원",보이스피싱,전화,20251231,우체국금융개발원_우체국 금융 사기계좌 정보_20251231.csv,False,True
30,남,2025,10,30500000,투자사기,금융투자업자,투자사기,전화,20251231,우체국금융개발원_우체국 금융 사기계좌 정보_20251231.csv,False,False
20,남,2025,11,500000,사건연루조사,"경찰, 검찰, 법원",보이스피싱,전화,20251231,우체국금융개발원_우체국 금융 사기계좌 정보_20251231.csv,True,True
40,여,2025,11,70000000,사건연루조사,"경찰, 검찰, 법원",보이스피싱,전화,20251231,우체국금융개발원_우체국 금융 사기계좌 정보_20251231.csv,False,True
20,남,2025,11,20000000,사건연루조사,"경찰, 검찰, 법원",보이스피싱,전화,20251231,우체국금융개발원_우체국 금융 사기계좌 정보_20251231.csv,False,True
30,남,2025,11,41000000,사건연루조사,"경찰, 검찰, 법원",보이스피싱,전화,20251231,우체국금융개발원_우체국 금융 사기계좌 정보_20251231.csv,False,True
30,남,2025,11,50000000,사건연루조사,"경찰, 검찰, 법원",보이스피싱,전화,20251231,우체국금융개발원_우체국 금융 사기계좌 정보_20251231.csv,False,True
70,여,2025,11,19500000,사건연루조사,"경찰, 검찰, 법원",보이스피싱,전화,20251231,우체국금융개발원_우체국 금융 사기계좌 정보_20251231.csv,False,True
40,여,2025,11,500000,가족납치.상해 협박,기타,보이스피싱,전화,20251231,우체국금융개발원_우체국 금융 사기계좌 정보_20251231.csv,False,True
20,여,2025,11,36000000,사건연루조사,"경찰, 검찰, 법원",보이스피싱,전화,20251231,우체국금융개발원_우체국 금융 사기계좌 정보_20251231.csv,False,True
20,남,2025,11,500000,사건연루조사,"경찰, 검찰, 법원",보이스피싱,전화,20251231,우체국금융개발원_우체국 금융 사기계좌 정보_20251231.csv,True,True
30,여,2025,11,23000000,사건연루조사,"경찰, 검찰, 법원",보이스피싱,전화,20251231,우체국금융개발원_우체국 금융 사기계좌 정보_20251231.csv,False,True
60,여,2025,11,20000000,투자사기,금융투자업자,투자사기,전화,20251231,우체국금융개발원_우체국 금융 사기계좌 정보_20251231.csv,False,False
20,여,2025,11,500000,사건연루조사,"우체국, 전화국, 택배회사",보이스피싱,전화,20251231,우체국금융개발원_우체국 금융 사기계좌 정보_20251231.csv,False,True
20,남,2025,11,9590756,사건연루조사,"경찰, 검찰, 법원",보이스피싱,전화,20251231,우체국금융개발원_우체국 금융 사기계좌 정보_20251231.csv,False,True
50,남,2025,11,5000000,투자사기,금융투자업자,투자사기,전화,20251231,우체국금융개발원_우체국 금융 사기계좌 정보_20251231.csv,False,False
60,남,2025,11,35000000,사건연루조사,"경찰, 검찰, 법원",보이스피싱,전화,20251231,우체국금융개발원_우체국 금융 사기계좌 정보_20251231.csv,False,True
20,남,2025,11,500000,사건연루조사,"경찰, 검찰, 법원",보이스피싱,전화,20251231,우체국금융개발원_우체국 금융 사기계좌 정보_20251231.csv,True,True
60,여,2025,11,48000000,카드배송사칭,할부금융(카드사 및 캐피탈),보이스피싱,전화,20251231,우체국금융개발원_우체국 금융 사기계좌 정보_20251231.csv,False,True
20,남,2025,11,3000000,사건연루조사,"경찰, 검찰, 법원",보이스피싱,전화,20251231,우체국금융개발원_우체국 금융 사기계좌 정보_20251231.csv,False,True
50,남,2025,12,20000000,투자사기,금융투자업자,투자사기,전화,20251231,우체국금융개발원_우체국 금융 사기계좌 정보_20251231.csv,False,False
20,남,2025,12,4000000,"개인정보유출방지, 보안강화","경찰, 검찰, 법원",보이스피싱,전화,20251231,우체국금융개발원_우체국 금융 사기계좌 정보_20251231.csv,False,True
20,남,2025,12,300000,사건연루조사,"경찰, 검찰, 법원",보이스피싱,전화,20251231,우체국금융개발원_우체국 금융 사기계좌 정보_20251231.csv,True,True
50,남,2025,12,200000,가족납치.상해 협박,개인,보이스피싱,전화,20251231,우체국금융개발원_우체국 금융 사기계좌 정보_20251231.csv,True,True
50,남,2025,12,200000,가족납치.상해 협박,개인,보이스피싱,전화,20251231,우체국금융개발원_우체국 금융 사기계좌 정보_20251231.csv,True,True
70,남,2025,12,373000000,사건연루조사,"우체국, 전화국, 택배회사",보이스피싱,전화,20251231,우체국금융개발원_우체국 금융 사기계좌 정보_20251231.csv,False,True
70,남,2025,12,75000000,사건연루조사,"경찰, 검찰, 법원",보이스피싱,전화,20251231,우체국금융개발원_우체국 금융 사기계좌 정보_20251231.csv,False,True
70,남,2025,12,294000000,사건연루조사,"경찰, 검찰, 법원",보이스피싱,전화,20251231,우체국금융개발원_우체국 금융 사기계좌 정보_20251231.csv,False,True
50,여,2025,12,20000000,투자사기,금융투자업자,투자사기,전화,20251231,우체국금융개발원_우체국 금융 사기계좌 정보_20251231.csv,False,False
30,남,2025,12,102000000,사건연루조사,"경찰, 검찰, 법원",보이스피싱,전화,20251231,우체국금융개발원_우체국 금융 사기계좌 정보_20251231.csv,False,True
60,남,2025,12,500000,지인사칭(메신저피싱),개인,보이스피싱,전화,20251231,우체국금융개발원_우체국 금융 사기계좌 정보_20251231.csv,False,True
20,남,2025,12,9000000,사건연루조사,"경찰, 검찰, 법원",보이스피싱,전화,20251231,우체국금융개발원_우체국 금융 사기계좌 정보_20251231.csv,False,True
40,여,2025,12,100000,가족납치.상해 협박,기타,보이스피싱,전화,20251231,우체국금융개발원_우체국 금융 사기계좌 정보_20251231.csv,False,True
20,남,2025,12,2000000,사건연루조사,"경찰, 검찰, 법원",보이스피싱,전화,20251231,우체국금융개발원_우체국 금융 사기계좌 정보_20251231.csv,False,True
60,남,2025,12,25000000,투자사기,금융투자업자,투자사기,전화,20251231,우체국금융개발원_우체국 금융 사기계좌 정보_20251231.csv,False,False
70,남,2025,12,50000000,사건연루조사,"경찰, 검찰, 법원",보이스피싱,전화,20251231,우체국금융개발원_우체국 금융 사기계좌 정보_20251231.csv,False,True
70,여,2025,12,550000000,사건연루조사,"금감원, 금융위",보이스피싱,전화,20251231,우체국금융개발원_우체국 금융 사기계좌 정보_20251231.csv,False,True
60,여,2025,12,14000000,사건연루조사,"경찰, 검찰, 법원",보이스피싱,전화,20251231,우체국금융개발원_우체국 금융 사기계좌 정보_20251231.csv,False,True
40,여,2025,12,500000,가족납치.상해 협박,개인,보이스피싱,전화,20251231,우체국금융개발원_우체국 금융 사기계좌 정보_20251231.csv,False,True
50,여,2025,12,49000000,투자사기,금융투자업자,투자사기,전화,20251231,우체국금융개발원_우체국 금융 사기계좌 정보_20251231.csv,False,False
20,남,2025,12,47000000,사건연루조사,"경찰, 검찰, 법원",보이스피싱,전화,20251231,우체국금융개발원_우체국 금융 사기계좌 정보_20251231.csv,True,True
60,남,2025,12,18000000,투자사기,금융투자업자,투자사기,전화,20251231,우체국금융개발원_우체국 금융 사기계좌 정보_20251231.csv,False,False
50,여,2025,12,114000000,사건연루조사,"금감원, 금융위",보이스피싱,전화,20251231,우체국금융개발원_우체국 금융 사기계좌 정보_20251231.csv,False,True
20,남,2025,12,300000,사건연루조사,"경찰, 검찰, 법원",보이스피싱,전화,20251231,우체국금융개발원_우체국 금융 사기계좌 정보_20251231.csv,True,True
20,남,2025,12,47000000,사건연루조사,"경찰, 검찰, 법원",보이스피싱,전화,20251231,우체국금융개발원_우체국 금융 사기계좌 정보_20251231.csv,True,True
20,남,2025,12,3000000,사건연루조사,"경찰, 검찰, 법원",보이스피싱,전화,20251231,우체국금융개발원_우체국 금융 사기계좌 정보_20251231.csv,False,True
20,남,2025,12,500000,사건연루조사,"경찰, 검찰, 법원",보이스피싱,전화,20251231,우체국금융개발원_우체국 금융 사기계좌 정보_20251231.csv,False,True
20,남,2025,12,5000000,사건연루조사,"경찰, 검찰, 법원",보이스피싱,전화,20251231,우체국금융개발원_우체국 금융 사기계좌 정보_20251231.csv,True,True
50,여,2025,12,50000000,투자사기,금융투자업자,투자사기,전화,20251231,우체국금융개발원_우체국 금융 사기계좌 정보_20251231.csv,False,False
40,여,2025,12,200000,가족납치.상해 협박,개인,보이스피싱,전화,20251231,우체국금융개발원_우체국 금융 사기계좌 정보_20251231.csv,False,True
70,남,2025,12,117368800,투자사기,금융투자업자,투자사기,전화,20251231,우체국금융개발원_우체국 금융 사기계좌 정보_20251231.csv,False,False
20,남,2025,12,5000000,사건연루조사,"경찰, 검찰, 법원",보이스피싱,전화,20251231,우체국금융개발원_우체국 금융 사기계좌 정보_20251231.csv,True,True
30,남,2025,12,34000000,사건연루조사,"경찰, 검찰, 법원",보이스피싱,전화,20251231,우체국금융개발원_우체국 금융 사기계좌 정보_20251231.csv,False,True
30,남,2025,12,22000000,사건연루조사,"경찰, 검찰, 법원",보이스피싱,전화,20251231,우체국금융개발원_우체국 금융 사기계좌 정보_20251231.csv,False,True
30,남,2025,12,67000000,사건연루조사,"경찰, 검찰, 법원",보이스피싱,전화,20251231,우체국금융개발원_우체국 금융 사기계좌 정보_20251231.csv,False,True
50,남,2025,12,10000000,투자사기,금융투자업자,투자사기,전화,20251231,우체국금융개발원_우체국 금융 사기계좌 정보_20251231.csv,False,False
60,남,2025,12,20000000,투자사기,금융투자업자,투자사기,전화,20251231,우체국금융개발원_우체국 금융 사기계좌 정보_20251231.csv,False,False
20,여,2025,12,500000,사건연루조사,"경찰, 검찰, 법원",보이스피싱,전화,20251231,우체국금융개발원_우체국 금융 사기계좌 정보_20251231.csv,False,True
60,남,2025,12,4000000,사건연루조사,"경찰, 검찰, 법원",보이스피싱,전화,20251231,우체국금융개발원_우체국 금융 사기계좌 정보_20251231.csv,False,True
