연도,월,지역,분류축,분류값,지표,값,단위,출처파일
2016,,전국,사기유형,기관사칭형,검거인원,5682,명,경찰청_보이스피싱 현황_20251231.csv
2016,,전국,사기유형,기관사칭형,발생건수,3384,건,경찰청_보이스피싱 현황_20251231.csv
2016,,전국,사기유형,기관사칭형,피해액,541,억원,경찰청_보이스피싱 현황_20251231.csv
2016,,전국,사기유형,대출사기형,검거인원,9884,명,경찰청_보이스피싱 현황_20251231.csv
2016,,전국,사기유형,대출사기형,발생건수,13656,건,경찰청_보이스피싱 현황_20251231.csv
2016,,전국,사기유형,대출사기형,피해액,927,억원,경찰청_보이스피싱 현황_20251231.csv
2016,,전국,성별,남성,피해자수,8660,명,경찰청_전화금융사기 피해자 성별 현황_20251231.csv
2016,,전국,성별,여성,피해자수,8380,명,경찰청_전화금융사기 피해자 성별 현황_20251231.csv
2016,,전국,연령대,20대이하,피해자수,3209,명,경찰청_전화금융사기 피해자 연령별 현황_20251231 (1).csv
2016,,전국,연령대,30대,피해자수,3735,명,경찰청_전화금융사기 피해자 연령별 현황_20251231 (1).csv
2016,,전국,연령대,40대,피해자수,4542,명,경찰청_전화금융사기 피해자 연령별 현황_20251231 (1).csv
2016,,전국,연령대,50대,피해자수,3834,명,경찰청_전화금융사기 피해자 연령별 현황_20251231 (1).csv
2016,,전국,연령대,60대,피해자수,1261,명,경찰청_전화금융사기 피해자 연령별 현황_20251231 (1).csv
2016,,전국,연령대,70대이상,피해자수,459,명,경찰청_전화금융사기 피해자 연령별 현황_20251231 (1).csv
2017,,전국,사기유형,기관사칭형,검거인원,4925,명,경찰청_보이스피싱 현황_20251231.csv
2017,,전국,사기유형,기관사칭형,발생건수,5685,건,경찰청_보이스피싱 현황_20251231.csv
2017,,전국,사기유형,기관사칭형,피해액,967,억원,경찰청_보이스피싱 현황_20251231.csv
2017,,전국,사기유형,대출사기형,검거인원,20548,명,경찰청_보이스피싱 현황_20251231.csv
2017,,전국,사기유형,대출사기형,발생건수,18574,건,경찰청_보이스피싱 현황_20251231.csv
2017,,전국,사기유형,대출사기형,피해액,1503,억원,경찰청_보이스피싱 현황_20251231.csv
2017,,전국,성별,남성,피해자수,11391,명,경찰청_전화금융사기 피해자 성별 현황_20251231.csv
2017,,전국,성별,여성,피해자수,12868,명,경찰청_전화금융사기 피해자 성별 현황_20251231.csv
2017,,전국,연령대,20대이하,피해자수,5273,명,경찰청_전화금융사기 피해자 연령별 현황_20251231 (1).csv
2017,,전국,연령대,30대,피해자수,4887,명,경찰청_전화금융사기 피해자 연령별 현황_20251231 (1).csv
2017,,전국,연령대,40대,피해자수,6473,명,경찰청_전화금융사기 피해자 연령별 현황_20251231 (1).csv
2017,,전국,연령대,50대,피해자수,5412,명,경찰청_전화금융사기 피해자 연령별 현황_20251231 (1).csv
2017,,전국,연령대,60대,피해자수,1807,명,경찰청_전화금융사기 피해자 연령별 현황_20251231 (1).csv
2017,,전국,연령대,70대이상,피해자수,407,명,경찰청_전화금융사기 피해자 연령별 현황_20251231 (1).csv
2018,1,전국,전체,전체,발생건수,3035,건,경찰청_보이스피싱 월별 발생 건수_20180101~20231031.csv
2018,2,전국,전체,전체,발생건수,2254,건,경찰청_보이스피싱 월별 발생 건수_20180101~20231031.csv
2018,3,전국,전체,전체,발생건수,2989,건,경찰청_보이스피싱 월별 발생 건수_20180101~20231031.csv
2018,4,전국,전체,전체,발생건수,2918,건,경찰청_보이스피싱 월별 발생 건수_20180101~20231031.csv
2018,5,전국,전체,전체,발생건수,2600,건,경찰청_보이스피싱 월별 발생 건수_20180101~20231031.csv
2018,6,전국,전체,전체,발생건수,2542,건,경찰청_보이스피싱 월별 발생 건수_20180101~20231031.csv
2018,7,전국,전체,전체,발생건수,3009,건,경찰청_보이스피싱 월별 발생 건수_20180101~20231031.csv
2018,8,전국,전체,전체,발생건수,2890,건,경찰청_보이스피싱 월별 발생 건수_20180101~20231031.csv
2018,9,전국,전체,전체,발생건수,2639,건,경찰청_보이스피싱 월별 발생 건수_20180101~20231031.csv
2018,10,전국,전체,전체,발생건수,2605,건,경찰청_보이스피싱 월별 발생 건수_20180101~20231031.csv
2018,11,전국,전체,전체,발생건수,3537,건,경찰청_보이스피싱 월별 발생 건수_20180101~20231031.csv
2018,12,전국,전체,전체,발생건수,3114,건,경찰청_보이스피싱 월별 발생 건수_20180101~20231031.csv
2018,,전국,사기유형,기관사칭형,검거인원,5491,명,경찰청_보이스피싱 현황_20251231.csv
2018,,전국,사기유형,기관사칭형,발생건수,6221,건,경찰청_보이스피싱 현황_20251231.csv
2018,,전국,사기유형,기관사칭형,피해액,1430,억원,경찰청_보이스피싱 현황_20251231.csv
2018,,전국,사기유형,대출사기형,검거인원,32133,명,경찰청_보이스피싱 현황_20251231.csv
2018,,전국,사기유형,대출사기형,발생건수,27911,건,경찰청_보이스피싱 현황_20251231.csv
2018,,전국,사기유형,대출사기형,피해액,2610,억원,경찰청_보이스피싱 현황_20251231.csv
2018,,전국,성별,남성,피해자수,17673,명,경찰청_전화금융사기 피해자 성별 현황_20251231.csv
2018,,전국,성별,여성,피해자수,16459,명,경찰청_전화금융사기 피해자 성별 현황_20251231.csv
2018,,전국,연령대,20대이하,피해자수,4480,명,경찰청_전화금융사기 피해자 연령별 현황_20251231 (1).csv
2018,,전국,연령대,30대,피해자수,6483,명,경찰청_전화금융사기 피해자 연령별 현황_20251231 (1).csv
2018,,전국,연령대,40대,피해자수,9842,명,경찰청_전화금융사기 피해자 연령별 현황_20251231 (1).csv
2018,,전국,연령대,50대,피해자수,9313,명,경찰청_전화금융사기 피해자 연령별 현황_20251231 (1).csv
2018,,전국,연령대,60대,피해자수,3389,명,경찰청_전화금융사기 피해자 연령별 현황_20251231 (1).csv
2018,,전국,연령대,70대이상,피해자수,625,명,경찰청_전화금융사기 피해자 연령별 현황_20251231 (1).csv
2019,1,전국,전체,전체,발생건수,3529,건,경찰청_보이스피싱 월별 발생 건수_20180101~20231031.csv
2019,2,전국,전체,전체,발생건수,2419,건,경찰청_보이스피싱 월별 발생 건수_20180101~20231031.csv
2019,3,전국,전체,전체,발생건수,3967,건,경찰청_보이스피싱 월별 발생 건수_20180101~20231031.csv
2019,4,전국,전체,전체,발생건수,3540,건,경찰청_보이스피싱 월별 발생 건수_20180101~20231031.csv
2019,5,전국,전체,전체,발생건수,3329,건,경찰청_보이스피싱 월별 발생 건수_20180101~20231031.csv
2019,6,전국,전체,전체,발생건수,3044,건,경찰청_보이스피싱 월별 발생 건수_20180101~20231031.csv
2019,7,전국,전체,전체,발생건수,3132,건,경찰청_보이스피싱 월별 발생 건수_20180101~20231031.csv
2019,8,전국,전체,전체,발생건수,2885,건,경찰청_보이스피싱 월별 발생 건수_20180101~20231031.csv
2019,9,전국,전체,전체,발생건수,2482,건,경찰청_보이스피싱 월별 발생 건수_20180101~20231031.csv
2019,10,전국,전체,전체,발생건수,2674,건,경찰청_보이스피싱 월별 발생 건수_20180101~20231031.csv
2019,11,전국,전체,전체,발생건수,3214,건,경찰청_보이스피싱 월별 발생 건수_20180101~20231031.csv
2019,12,전국,전체,전체,발생건수,3452,건,경찰청_보이스피싱 월별 발생 건수_20180101~20231031.csv
2019,,전국,사기유형,기관사칭형,검거인원,6045,명,경찰청_보이스피싱 현황_20251231.csv
2019,,전국,사기유형,기관사칭형,발생건수,7219,건,경찰청_보이스피싱 현황_20251231.csv
2019,,전국,사기유형,기관사칭형,피해액,2506,억원,경찰청_보이스피싱 현황_20251231.csv
2019,,전국,사기유형,대출사기형,검거인원,42668,명,경찰청_보이스피싱 현황_20251231.csv
2019,,전국,사기유형,대출사기형,발생건수,30448,건,경찰청_보이스피싱 현황_20251231.csv
2019,,전국,사기유형,대출사기형,피해액,3892,억원,경찰청_보이스피싱 현황_20251231.csv
2019,,전국,성별,남성,피해자수,21424,명,경찰청_전화금융사기 피해자 성별 현황_20251231.csv
2019,,전국,성별,여성,피해자수,16243,명,경찰청_전화금융사기 피해자 성별 현황_20251231.csv
2019,,전국,연령대,20대이하,피해자수,3855,명,경찰청_전화금융사기 피해자 연령별 현황_20251231 (1).csv
2019,,전국,연령대,30대,피해자수,6041,명,경찰청_전화금융사기 피해자 연령별 현황_20251231 (1).csv
2019,,전국,연령대,40대,피해자수,10264,명,경찰청_전화금융사기 피해자 연령별 현황_20251231 (1).csv
2019,,전국,연령대,50대,피해자수,11825,명,경찰청_전화금융사기 피해자 연령별 현황_20251231 (1).csv
2019,,전국,연령대,60대,피해자수,4617,명,경찰청_전화금융사기 피해자 연령별 현황_20251231 (1).csv
2019,,전국,연령대,70대이상,피해자수,1065,명,경찰청_전화금융사기 피해자 연령별 현황_20251231 (1).csv
2020,1,전국,전체,전체,발생건수,2797,건,경찰청_보이스피싱 월별 발생 건수_20180101~20231031.csv
2020,2,전국,전체,전체,발생건수,2173,건,경찰청_보이스피싱 월별 발생 건수_20180101~20231031.csv
2020,3,전국,전체,전체,발생건수,2651,건,경찰청_보이스피싱 월별 발생 건수_20180101~20231031.csv
2020,4,전국,전체,전체,발생건수,2711,건,경찰청_보이스피싱 월별 발생 건수_20180101~20231031.csv
2020,5,전국,전체,전체,발생건수,2969,건,경찰청_보이스피싱 월별 발생 건수_20180101~20231031.csv
2020,6,전국,전체,전체,발생건수,2749,건,경찰청_보이스피싱 월별 발생 건수_20180101~20231031.csv
2020,7,전국,전체,전체,발생건수,2676,건,경찰청_보이스피싱 월별 발생 건수_20180101~20231031.csv
2020,8,전국,전체,전체,발생건수,2288,건,경찰청_보이스피싱 월별 발생 건수_20180101~20231031.csv
2020,9,전국,전체,전체,발생건수,2577,건,경찰청_보이스피싱 월별 발생 건수_20180101~20231031.csv
2020,10,전국,전체,전체,발생건수,1893,건,경찰청_보이스피싱 월별 발생 건수_20180101~20231031.csv
2020,11,전국,전체,전체,발생건수,3014,건,경찰청_보이스피싱 월별 발생 건수_20180101~20231031.csv
2020,12,전국,전체,전체,발생건수,3183,건,경찰청_보이스피싱 월별 발생 건수_20180101~20231031.csv
2020,,전국,사기유형,기관사칭형,검거인원,4797,명,경찰청_보이스피싱 현황_20251231.csv
2020,,전국,사기유형,기관사칭형,발생건수,7844,건,경찰청_보이스피싱 현황_20251231.csv
2020,,전국,사기유형,기관사칭형,피해액,2144,억원,경찰청_보이스피싱 현황_20251231.csv
2020,,전국,사기유형,대출사기형,검거인원,34527,명,경찰청_보이스피싱 현황_20251231.csv
2020,,전국,사기유형,대출사기형,발생건수,23837,건,경찰청_보이스피싱 현황_20251231.csv
2020,,전국,사기유형,대출사기형,피해액,4856,억원,경찰청_보이스피싱 현황_20251231.csv
2020,,전국,성별,남성,피해자수,17293,명,경찰청_전화금융사기 피해자 성별 현황_20251231.csv
2020,,전국,성별,여성,피해자수,14388,명,경찰청_전화금융사기 피해자 성별 현황_20251231.csv
2020,,전국,연령대,20대이하,피해자수,5323,명,경찰청_전화금융사기 피해자 연령별 현황_20251231 (1).csv
2020,,전국,연령대,30대,피해자수,4406,명,경찰청_전화금융사기 피해자 연령별 현황_20251231 (1).csv
2020,,전국,연령대,40대,피해자수,7704,명,경찰청_전화금융사기 피해자 연령별 현황_20251231 (1).csv
2020,,전국,연령대,50대,피해자수,9217,명,경찰청_전화금융사기 피해자 연령별 현황_20251231 (1).csv
2020,,전국,연령대,60대,피해자수,4188,명,경찰청_전화금융사기 피해자 연령별 현황_20251231 (1).csv
2020,,전국,연령대,70대이상,피해자수,843,명,경찰청_전화금융사기 피해자 연령별 현황_20251231 (1).csv
2021,1,전국,전체,전체,발생건수,3187,건,경찰청_보이스피싱 월별 발생 건수_20180101~20231031.csv
2021,2,전국,전체,전체,발생건수,2417,건,경찰청_보이스피싱 월별 발생 건수_20180101~20231031.csv
2021,3,전국,전체,전체,발생건수,4017,건,경찰청_보이스피싱 월별 발생 건수_20180101~20231031.csv
2021,4,전국,전체,전체,발생건수,2808,건,경찰청_보이스피싱 월별 발생 건수_20180101~20231031.csv
2021,5,전국,전체,전체,발생건수,2406,건,경찰청_보이스피싱 월별 발생 건수_20180101~20231031.csv
2021,6,전국,전체,전체,발생건수,2979,건,경찰청_보이스피싱 월별 발생 건수_20180101~20231031.csv
2021,7,전국,전체,전체,발생건수,2588,건,경찰청_보이스피싱 월별 발생 건수_20180101~20231031.csv
2021,8,전국,전체,전체,발생건수,2414,건,경찰청_보이스피싱 월별 발생 건수_20180101~20231031.csv
2021,9,전국,전체,전체,발생건수,1812,건,경찰청_보이스피싱 월별 발생 건수_20180101~20231031.csv
2021,10,전국,전체,전체,발생건수,1881,건,경찰청_보이스피싱 월별 발생 건수_20180101~20231031.csv
2021,11,전국,전체,전체,발생건수,2137,건,경찰청_보이스피싱 월별 발생 건수_20180101~20231031.csv
2021,12,전국,전체,전체,발생건수,2336,건,경찰청_보이스피싱 월별 발생 건수_20180101~20231031.csv
2021,,전국,사기유형,기관사칭형,검거인원,1895,명,경찰청_보이스피싱 현황_20251231.csv
2021,,전국,사기유형,기관사칭형,발생건수,7017,건,경찰청_보이스피싱 현황_20251231.csv
2021,,전국,사기유형,기관사칭형,피해액,1741,억원,경찰청_보이스피싱 현황_20251231.csv
2021,,전국,사기유형,대출사기형,검거인원,24502,명,경찰청_보이스피싱 현황_20251231.csv
2021,,전국,사기유형,대출사기형,발생건수,23965,건,경찰청_보이스피싱 현황_20251231.csv
2021,,전국,사기유형,대출사기형,피해액,6003,억원,경찰청_보이스피싱 현황_20251231.csv
2021,,전국,성별,남성,피해자수,17027,명,경찰청_전화금융사기 피해자 성별 현황_20251231.csv
2021,,전국,성별,여성,피해자수,13955,명,경찰청_전화금융사기 피해자 성별 현황_20251231.csv
2021,,전국,연령대,20대이하,피해자수,5459,명,경찰청_전화금융사기 피해자 연령별 현황_20251231 (1).csv
2021,,전국,연령대,30대,피해자수,3299,명,경찰청_전화금융사기 피해자 연령별 현황_20251231 (1).csv
2021,,전국,연령대,40대,피해자수,6755,명,경찰청_전화금융사기 피해자 연령별 현황_20251231 (1).csv
2021,,전국,연령대,50대,피해자수,9564,명,경찰청_전화금융사기 피해자 연령별 현황_20251231 (1).csv
2021,,전국,연령대,60대,피해자수,4778,명,경찰청_전화금융사기 피해자 연령별 현황_20251231 (1).csv
2021,,전국,연령대,70대이상,피해자수,1127,명,경찰청_전화금융사기 피해자 연령별 현황_20251231 (1).csv
2022,1,전국,전체,전체,발생건수,2044,건,경찰청_보이스피싱 월별 발생 건수_20180101~20231031.csv
2022,2,전국,전체,전체,발생건수,1750,건,경찰청_보이스피싱 월별 발생 건수_20180101~20231031.csv
2022,3,전국,전체,전체,발생건수,2067,건,경찰청_보이스피싱 월별 발생 건수_20180101~20231031.csv
2022,4,전국,전체,전체,발생건수,2497,건,경찰청_보이스피싱 월별 발생 건수_20180101~20231031.csv
2022,5,전국,전체,전체,발생건수,2349,건,경찰청_보이스피싱 월별 발생 건수_20180101~20231031.csv
2022,6,전국,전체,전체,발생건수,1694,건,경찰청_보이스피싱 월별 발생 건수_20180101~20231031.csv
2022,7,전국,전체,전체,발생건수,1796,건,경찰청_보이스피싱 월별 발생 건수_20180101~20231031.csv
2022,8,전국,전체,전체,발생건수,1895,건,경찰청_보이스피싱 월별 발생 건수_20180101~20231031.csv
2022,9,전국,전체,전체,발생건수,1284,건,경찰청_보이스피싱 월별 발생 건수_20180101~20231031.csv
2022,10,전국,전체,전체,발생건수,1407,건,경찰청_보이스피싱 월별 발생 건수_20180101~20231031.csv
2022,11,전국,전체,전체,발생건수,1696,건,경찰청_보이스피싱 월별 발생 건수_20180101~20231031.csv
2022,12,전국,전체,전체,발생건수,1353,건,경찰청_보이스피싱 월별 발생 건수_20180101~20231031.csv
2022,,전국,사기유형,기관사칭형,검거인원,4500,명,경찰청_보이스피싱 현황_20251231.csv
2022,,전국,사기유형,기관사칭형,발생건수,8930,건,경찰청_보이스피싱 현황_20251231.csv
2022,,전국,사기유형,기관사칭형,피해액,2077,억원,경찰청_보이스피싱 현황_20251231.csv
2022,,전국,사기유형,대출사기형,검거인원,20530,명,경찰청_보이스피싱 현황_20251231.csv
2022,,전국,사기유형,대출사기형,발생건수,12902,건,경찰청_보이스피싱 현황_20251231.csv
2022,,전국,사기유형,대출사기형,피해액,3361,억원,경찰청_보이스피싱 현황_20251231.csv
2022,,전국,성별,남성,피해자수,14308,명,경찰청_전화금융사기 피해자 성별 현황_20251231.csv
2022,,전국,성별,여성,피해자수,7524,명,경찰청_전화금융사기 피해자 성별 현황_20251231.csv
2022,,전국,연령대,20대이하,피해자수,6805,명,경찰청_전화금융사기 피해자 연령별 현황_20251231 (1).csv
2022,,전국,연령대,30대,피해자수,1821,명,경찰청_전화금융사기 피해자 연령별 현황_20251231 (1).csv
2022,,전국,연령대,40대,피해자수,3413,명,경찰청_전화금융사기 피해자 연령별 현황_20251231 (1).csv
2022,,전국,연령대,50대,피해자수,5378,명,경찰청_전화금융사기 피해자 연령별 현황_20251231 (1).csv
2022,,전국,연령대,60대,피해자수,3462,명,경찰청_전화금융사기 피해자 연령별 현황_20251231 (1).csv
2022,,전국,연령대,70대이상,피해자수,953,명,경찰청_전화금융사기 피해자 연령별 현황_20251231 (1).csv
2023,1,전국,전체,전체,발생건수,1024,건,경찰청_보이스피싱 월별 발생 건수_20180101~20231031.csv
2023,2,전국,전체,전체,발생건수,1504,건,경찰청_보이스피싱 월별 발생 건수_20180101~20231031.csv
2023,3,전국,전체,전체,발생건수,1751,건,경찰청_보이스피싱 월별 발생 건수_20180101~20231031.csv
2023,4,전국,전체,전체,발생건수,1468,건,경찰청_보이스피싱 월별 발생 건수_20180101~20231031.csv
2023,5,전국,전체,전체,발생건수,1616,건,경찰청_보이스피싱 월별 발생 건수_20180101~20231031.csv
2023,6,전국,전체,전체,발생건수,1721,건,경찰청_보이스피싱 월별 발생 건수_20180101~20231031.csv
2023,7,전국,전체,전체,발생건수,1657,건,경찰청_보이스피싱 월별 발생 건수_20180101~20231031.csv
2023,8,전국,전체,전체,발생건수,1718,건,경찰청_보이스피싱 월별 발생 건수_20180101~20231031.csv
2023,9,전국,전체,전체,발생건수,1556,건,경찰청_보이스피싱 월별 발생 건수_20180101~20231031.csv
2023,10,전국,전체,전체,발생건수,1313,건,경찰청_보이스피싱 월별 발생 건수_20180101~20231031.csv
2023,,강원,전체,전체,피해액,141,억원,경찰청_전화금융사기_보이스피싱 시도청별 피해금액 현황_20251231.csv
2023,,경기남부,전체,전체,피해액,846,억원,경찰청_전화금융사기_보이스피싱 시도청별 피해금액 현황_20251231.csv
2023,,경기북부,전체,전체,피해액,243,억원,경찰청_전화금융사기_보이스피싱 시도청별 피해금액 현황_20251231.csv
2023,,경남,전체,전체,피해액,121,억원,경찰청_전화금융사기_보이스피싱 시도청별 피해금액 현황_20251231.csv
2023,,경북,전체,전체,피해액,134,억원,경찰청_전화금융사기_보이스피싱 시도청별 피해금액 현황_20251231.csv
2023,,광주,전체,전체,피해액,98,억원,경찰청_전화금융사기_보이스피싱 시도청별 피해금액 현황_20251231.csv
2023,,대구,전체,전체,피해액,100,억원,경찰청_전화금융사기_보이스피싱 시도청별 피해금액 현황_20251231.csv
2023,,대전,전체,전체,피해액,129,억원,경찰청_전화금융사기_보이스피싱 시도청별 피해금액 현황_20251231.csv
2023,,부산,전체,전체,피해액,195,억원,경찰청_전화금융사기_보이스피싱 시도청별 피해금액 현황_20251231.csv
2023,,서울,전체,전체,피해액,1604,억원,경찰청_전화금융사기_보이스피싱 시도청별 피해금액 현황_20251231.csv
2023,,세종,전체,전체,피해액,17,억원,경찰청_전화금융사기_보이스피싱 시도청별 피해금액 현황_20251231.csv
2023,,울산,전체,전체,피해액,58,억원,경찰청_전화금융사기_보이스피싱 시도청별 피해금액 현황_20251231.csv
2023,,인천,전체,전체,피해액,160,억원,경찰청_전화금융사기_보이스피싱 시도청별 피해금액 현황_20251231.csv
2023,,전국,사기유형,기관사칭형,검거인원,8039,명,경찰청_보이스피싱 현황_20251231.csv
2023,,전국,사기유형,기관사칭형,발생건수,11314,건,경찰청_보이스피싱 현황_20251231.csv
2023,,전국,사기유형,기관사칭형,피해액,2364,억원,경찰청_보이스피싱 현황_20251231.csv
2023,,전국,사기유형,대출사기형,검거인원,14347,명,경찰청_보이스피싱 현황_20251231.csv
2023,,전국,사기유형,대출사기형,발생건수,7588,건,경찰청_보이스피싱 현황_20251231.csv
2023,,전국,사기유형,대출사기형,피해액,2108,억원,경찰청_보이스피싱 현황_20251231.csv
2023,,전국,성별,남성,피해자수,12319,명,경찰청_전화금융사기 피해자 성별 현황_20251231.csv
2023,,전국,성별,여성,피해자수,6583,명,경찰청_전화금융사기 피해자 성별 현황_20251231.csv
2023,,전국,연령대,20대이하,피해자수,8886,명,경찰청_전화금융사기 피해자 연령별 현황_20251231 (1).csv
2023,,전국,연령대,30대,피해자수,1621,명,경찰청_전화금융사기 피해자 연령별 현황_20251231 (1).csv
2023,,전국,연령대,40대,피해자수,2325,명,경찰청_전화금융사기 피해자 연령별 현황_20251231 (1).csv
2023,,전국,연령대,50대,피해자수,3149,명,경찰청_전화금융사기 피해자 연령별 현황_20251231 (1).csv
2023,,전국,연령대,60대,피해자수,2144,명,경찰청_전화금융사기 피해자 연령별 현황_20251231 (1).csv
2023,,전국,연령대,70대이상,피해자수,777,명,경찰청_전화금융사기 피해자 연령별 현황_20251231 (1).csv
2023,,전남,전체,전체,피해액,102,억원,경찰청_전화금융사기_보이스피싱 시도청별 피해금액 현황_20251231.csv
2023,,전북,전체,전체,피해액,137,억원,경찰청_전화금융사기_보이스피싱 시도청별 피해금액 현황_20251231.csv
2023,,제주,전체,전체,피해액,109,억원,경찰청_전화금융사기_보이스피싱 시도청별 피해금액 현황_20251231.csv
2023,,충남,전체,전체,피해액,134,억원,경찰청_전화금융사기_보이스피싱 시도청별 피해금액 현황_20251231.csv
2023,,충북,전체,전체,피해액,145,억원,경찰청_전화금융사기_보이스피싱 시도청별 피해금액 현황_20251231.csv
2024,,강원,전체,전체,피해액,253,억원,경찰청_전화금융사기_보이스피싱 시도청별 피해금액 현황_20251231.csv
2024,,경기남부,전체,전체,피해액,1813,억원,경찰청_전화금융사기_보이스피싱 시도청별 피해금액 현황_20251231.csv
2024,,경기북부,전체,전체,피해액,480,억원,경찰청_전화금융사기_보이스피싱 시도청별 피해금액 현황_20251231.csv
2024,,경남,전체,전체,피해액,199,억원,경찰청_전화금융사기_보이스피싱 시도청별 피해금액 현황_20251231.csv
2024,,경북,전체,전체,피해액,266,억원,경찰청_전화금융사기_보이스피싱 시도청별 피해금액 현황_20251231.csv
2024,,광주,전체,전체,피해액,201,억원,경찰청_전화금융사기_보이스피싱 시도청별 피해금액 현황_20251231.csv
2024,,대구,전체,전체,피해액,292,억원,경찰청_전화금융사기_보이스피싱 시도청별 피해금액 현황_20251231.csv
2024,,대전,전체,전체,피해액,211,억원,경찰청_전화금융사기_보이스피싱 시도청별 피해금액 현황_20251231.csv
2024,,부산,전체,전체,피해액,403,억원,경찰청_전화금융사기_보이스피싱 시도청별 피해금액 현황_20251231.csv
2024,,서울,전체,전체,피해액,2524,억원,경찰청_전화금융사기_보이스피싱 시도청별 피해금액 현황_20251231.csv
2024,,세종,전체,전체,피해액,71,억원,경찰청_전화금융사기_보이스피싱 시도청별 피해금액 현황_20251231.csv
2024,,울산,전체,전체,피해액,173,억원,경찰청_전화금융사기_보이스피싱 시도청별 피해금액 현황_20251231.csv
2024,,인천,전체,전체,피해액,433,억원,경찰청_전화금융사기_보이스피싱 시도청별 피해금액 현황_20251231.csv
2024,,전국,사기유형,기관사칭형,검거인원,7449,명,경찰청_보이스피싱 현황_20251231.csv
2024,,전국,사기유형,기관사칭형,발생건수,9519,건,경찰청_보이스피싱 현황_20251231.csv
2024,,전국,사기유형,기관사칭형,피해액,5349,억원,경찰청_보이스피싱 현황_20251231.csv
2024,,전국,사기유형,대출사기형,검거인원,14384,명,경찰청_보이스피싱 현황_20251231.csv
2024,,전국,사기유형,대출사기형,발생건수,11320,건,경찰청_보이스피싱 현황_20251231.csv
2024,,전국,사기유형,대출사기형,피해액,3196,억원,경찰청_보이스피싱 현황_20251231.csv
2024,,전국,성별,남성,피해자수,11866,명,경찰청_전화금융사기 피해자 성별 현황_20251231.csv
2024,,전국,성별,여성,피해자수,8973,명,경찰청_전화금융사기 피해자 성별 현황_20251231.csv
2024,,전국,연령대,20대이하,피해자수,5352,명,경찰청_전화금융사기 피해자 연령별 현황_20251231 (1).csv
2024,,전국,연령대,30대,피해자수,2156,명,경찰청_전화금융사기 피해자 연령별 현황_20251231 (1).csv
2024,,전국,연령대,40대,피해자수,3200,명,경찰청_전화금융사기 피해자 연령별 현황_20251231 (1).csv
2024,,전국,연령대,50대,피해자수,4828,명,경찰청_전화금융사기 피해자 연령별 현황_20251231 (1).csv
2024,,전국,연령대,60대,피해자수,4256,명,경찰청_전화금융사기 피해자 연령별 현황_20251231 (1).csv
2024,,전국,연령대,70대이상,피해자수,1047,명,경찰청_전화금융사기 피해자 연령별 현황_20251231 (1).csv
2024,,전남,전체,전체,피해액,198,억원,경찰청_전화금융사기_보이스피싱 시도청별 피해금액 현황_20251231.csv
2024,,전북,전체,전체,피해액,253,억원,경찰청_전화금융사기_보이스피싱 시도청별 피해금액 현황_20251231.csv
2024,,제주,전체,전체,피해액,120,억원,경찰청_전화금융사기_보이스피싱 시도청별 피해금액 현황_20251231.csv
2024,,충남,전체,전체,피해액,304,억원,경찰청_전화금융사기_보이스피싱 시도청별 피해금액 현황_20251231.csv
2024,,충북,전체,전체,피해액,352,억원,경찰청_전화금융사기_보이스피싱 시도청별 피해금액 현황_20251231.csv
2025,,강원,전체,전체,피해액,389,억원,경찰청_전화금융사기_보이스피싱 시도청별 피해금액 현황_20251231.csv
2025,,경기남부,전체,전체,피해액,2364,억원,경찰청_전화금융사기_보이스피싱 시도청별 피해금액 현황_20251231.csv
2025,,경기북부,전체,전체,피해액,557,억원,경찰청_전화금융사기_보이스피싱 시도청별 피해금액 현황_20251231.csv
2025,,경남,전체,전체,피해액,433,억원,경찰청_전화금융사기_보이스피싱 시도청별 피해금액 현황_20251231.csv
2025,,경북,전체,전체,피해액,351,억원,경찰청_전화금융사기_보이스피싱 시도청별 피해금액 현황_20251231.csv
2025,,광주,전체,전체,피해액,266,억원,경찰청_전화금융사기_보이스피싱 시도청별 피해금액 현황_20251231.csv
2025,,대구,전체,전체,피해액,492,억원,경찰청_전화금융사기_보이스피싱 시도청별 피해금액 현황_20251231.csv
2025,,대전,전체,전체,피해액,317,억원,경찰청_전화금융사기_보이스피싱 시도청별 피해금액 현황_20251231.csv
2025,,부산,전체,전체,피해액,620,억원,경찰청_전화금융사기_보이스피싱 시도청별 피해금액 현황_20251231.csv
2025,,서울,전체,전체,피해액,4028,억원,경찰청_전화금융사기_보이스피싱 시도청별 피해금액 현황_20251231.csv
2025,,세종,전체,전체,피해액,84,억원,경찰청_전화금융사기_보이스피싱 시도청별 피해금액 현황_20251231.csv
2025,,울산,전체,전체,피해액,388,억원,경찰청_전화금융사기_보이스피싱 시도청별 피해금액 현황_20251231.csv
2025,,인천,전체,전체,피해액,631,억원,경찰청_전화금융사기_보이스피싱 시도청별 피해금액 현황_20251231.csv
2025,,전국,사기유형,기관사칭형,검거인원,15161,명,경찰청_보이스피싱 현황_20251231.csv
2025,,전국,사기유형,기관사칭형,발생건수,13323,건,경찰청_보이스피싱 현황_20251231.csv
2025,,전국,사기유형,기관사칭형,피해액,9884,억원,경찰청_보이스피싱 현황_20251231.csv
2025,,전국,사기유형,대출사기형,검거인원,17209,명,경찰청_보이스피싱 현황_20251231.csv
2025,,전국,사기유형,대출사기형,발생건수,10037,건,경찰청_보이스피싱 현황_20251231.csv
2025,,전국,사기유형,대출사기형,피해액,2694,억원,경찰청_보이스피싱 현황_20251231.csv
2025,,전국,성별,남성,피해자수,12158,명,경찰청_전화금융사기 피해자 성별 현황_20251231.csv
2025,,전국,성별,여성,피해자수,11202,명,경찰청_전화금융사기 피해자 성별 현황_20251231.csv
2025,,전국,연령대,20대이하,피해자수,5770,명,경찰청_전화금융사기 피해자 연령별 현황_20251231 (1).csv
2025,,전국,연령대,30대,피해자수,2510,명,경찰청_전화금융사기 피해자 연령별 현황_20251231 (1).csv
2025,,전국,연령대,40대,피해자수,2992,명,경찰청_전화금융사기 피해자 연령별 현황_20251231 (1).csv
2025,,전국,연령대,50대,피해자수,4794,명,경찰청_전화금융사기 피해자 연령별 현황_20251231 (1).csv
2025,,전국,연령대,60대,피해자수,5801,명,경찰청_전화금융사기 피해자 연령별 현황_20251231 (1).csv
2025,,전국,연령대,70대이상,피해자수,1493,명,경찰청_전화금융사기 피해자 연령별 현황_20251231 (1).csv
2025,,전남,전체,전체,피해액,262,억원,경찰청_전화금융사기_보이스피싱 시도청별 피해금액 현황_20251231.csv
2025,,전북,전체,전체,피해액,342,억원,경찰청_전화금융사기_보이스피싱 시도청별 피해금액 현황_20251231.csv
2025,,제주,전체,전체,피해액,159,억원,경찰청_전화금융사기_보이스피싱 시도청별 피해금액 현황_20251231.csv
2025,,충남,전체,전체,피해액,540,억원,경찰청_전화금융사기_보이스피싱 시도청별 피해금액 현황_20251231.csv
2025,,충북,전체,전체,피해액,355,억원,경찰청_전화금융사기_보이스피싱 시도청별 피해금액 현황_20251231.csv
